cart_id,t,phase,target_x,x,x_dot,theta1_deg,theta2_deg,theta1_dot,theta2_dot,u
1,0.0900,swingup,-6.00,-4.9792,0.2498,-167.69,-133.07,2.6217,-0.5368,-1.5666
2,0.0900,swingup,6.00,4.8922,-1.8574,175.21,-153.70,-1.5064,0.0711,-5.1955
1,0.1900,swingup,-6.00,-4.9615,0.1368,-152.66,-142.16,2.5852,-2.2834,2.0822
2,0.1900,swingup,6.00,4.6853,-2.3355,166.98,-159.30,-1.3212,-1.8718,-5.8803
1,0.2900,swingup,-6.00,-4.9354,0.5626,-139.20,-155.78,2.0630,-2.0396,11.0275
2,0.2900,swingup,6.00,4.4248,-2.9646,160.72,-176.73,-0.8627,2.2747,-8.3005
1,0.3900,swingup,-6.00,-4.8297,1.7715,-129.93,-160.51,1.2457,0.3599,16.9569
2,0.3900,swingup,6.00,4.0942,-3.6945,156.81,155.10,-0.6649,0.9540,-6.6207
1,0.4900,swingup,-6.00,-4.5838,3.3264,-125.92,-148.97,0.1918,-2.9099,19.0284
2,0.4900,swingup,6.00,3.7107,-3.8852,151.84,127.54,-0.9967,2.1498,-0.2616
1,0.5900,swingup,-6.00,-4.1803,4.8499,-127.82,-122.91,-0.5026,-1.3043,16.0366
2,0.5900,swingup,6.00,3.3258,-3.8217,146.22,109.41,-0.9177,-2.3821,-0.5481
1,0.6900,swingup,-6.00,-3.6504,5.6813,-128.84,-99.02,0.0230,-2.9510,5.5109
2,0.6900,swingup,6.00,2.9432,-3.8568,142.08,100.90,-0.5432,-0.7663,-1.8443
1,0.7900,swingup,-6.00,-3.0686,5.9064,-129.47,-85.27,-0.3811,1.7307,-0.1611
2,0.7900,swingup,6.00,2.5517,-3.9612,140.34,101.42,-0.0585,0.7550,0.1247
1,0.8900,swingup,-6.00,-2.4858,5.6927,-135.70,-78.77,-1.7144,0.6340,-2.1310
2,0.8900,swingup,6.00,2.1623,-3.7795,143.01,109.59,0.9127,1.9700,1.8649
1,0.9900,swingup,-6.00,-1.9274,5.4711,-149.43,-80.19,-2.8710,-1.1266,-1.0810
2,0.9900,swingup,6.00,1.7970,-3.4965,150.94,125.15,1.6923,-2.9007,1.0976
1,1.0900,swingup,-6.00,-1.4533,3.1531,-177.27,-93.08,-1.1408,2.5460,-15.5642
2,1.0900,swingup,6.00,1.4591,-3.2076,161.58,149.70,1.9973,-1.3038,2.2316
1,1.1900,swingup,-6.00,-1.1968,1.6546,140.44,-140.43,-0.0589,0.2747,-31.1254
2,1.1900,swingup,6.00,1.1501,-3.0093,174.50,-179.44,2.5234,-0.8849,-0.7867
1,1.2900,swingup,-6.00,-1.1611,-0.2335,135.58,109.27,-3.0635,2.1541,-3.2313
2,1.2900,swingup,6.00,0.8430,-3.1800,-169.18,-152.60,3.0685,-2.3474,-0.9591
1,1.3900,swingup,-6.00,-1.2458,-1.8723,100.90,25.39,1.5047,-2.0370,-25.1273
2,1.3900,swingup,6.00,0.6366,-0.6802,-134.38,-138.56,1.8560,1.4986,20.5195
1,1.4900,swingup,-6.00,-1.4894,-2.9324,28.91,27.63,-1.2130,0.1108,-16.4679
2,1.4900,swingup,6.00,0.6442,1.1856,-94.49,-116.65,-1.0581,0.2527,28.4504
1,1.5900,swingup,-6.00,-1.8261,-3.8972,-33.57,41.67,-2.8705,-1.0751,-5.5101
2,1.5900,swingup,6.00,0.8411,2.7659,-78.70,-67.49,1.4217,2.7366,17.0183
1,1.6900,swingup,-6.00,-2.2407,-4.3186,-86.00,16.00,-3.0908,-1.3147,5.5873
2,1.6900,swingup,6.00,1.1612,3.6123,-70.12,-24.58,1.5999,0.0341,5.4581
1,1.7900,swingup,-6.00,-2.6438,-3.5281,-129.89,-54.76,2.0313,2.8992,2.8474
2,1.7900,swingup,6.00,1.5311,3.6429,-61.66,9.01,1.4014,-0.3940,-4.6377
1,1.8900,swingup,-6.00,-2.9557,-2.8396,-120.10,-171.63,-0.3731,0.0167,22.0113
2,1.8900,swingup,6.00,1.8695,2.9853,-51.30,47.17,2.4782,1.2308,-9.5082
1,1.9900,swingup,-6.00,-3.1560,-0.2634,-159.24,117.39,-2.1299,-0.3734,42.5198
2,1.9900,swingup,6.00,2.1150,1.6843,-24.50,98.80,0.8354,-2.4611,-11.7017
1,2.0900,swingup,-6.00,-3.0582,1.7959,162.13,106.25,0.2563,0.8124,5.1681
2,2.0900,swingup,6.00,2.2310,0.3780,32.03,148.11,-0.8649,-0.8848,-14.2841
1,2.1900,swingup,-6.00,-2.8542,2.3153,128.05,124.78,0.5077,-1.5966,-0.4978
2,2.1900,swingup,6.00,2.2420,0.1011,106.04,134.73,2.9682,2.7752,-14.4672
1,2.2900,swingup,-6.00,-2.6223,2.1511,103.11,146.91,-3.0008,2.7002,7.8084
2,2.2900,swingup,6.00,2.3141,0.4031,-165.36,104.90,-0.1848,-1.7777,-5.2373
1,2.3900,swingup,-6.00,-2.3896,2.3422,93.59,161.25,-0.6006,2.2353,-2.9794
2,2.3900,swingup,6.00,2.3449,0.0311,-111.90,173.43,-1.7189,-3.0267,2.5146
1,2.4900,swingup,-6.00,-2.1717,1.9046,97.20,171.02,1.6079,1.1218,-8.0026
2,2.4900,swingup,6.00,2.2946,-1.4240,-126.85,-79.57,2.6715,-1.0662,-12.1719
1,2.5900,swingup,-6.00,-2.0210,1.1926,112.86,169.43,-2.5806,-1.3744,3.9284
2,2.5900,swingup,6.00,2.1513,-1.1779,-113.64,4.74,-0.0077,1.2402,6.2655
1,2.6900,swingup,-6.00,-1.8883,1.2525,143.19,153.92,0.3174,1.9709,-14.0648
2,2.6900,swingup,6.00,2.0526,-0.8177,-63.13,77.47,-2.6337,-1.2329,2.8520
1,2.7900,swingup,-6.00,-1.8013,0.7344,177.41,133.09,-1.0829,-1.9019,4.4499
2,2.7900,swingup,6.00,1.9725,-0.7383,-5.72,128.85,-2.7916,0.4200,1.0849
1,2.8900,swingup,-6.00,-1.7044,1.2519,-154.48,136.25,-1.6646,2.5672,5.8384
2,2.8900,swingup,6.00,1.9138,0.1324,46.83,149.32,1.9960,1.5138,16.5657
1,2.9900,swingup,-6.00,-1.5547,1.3599,-133.41,163.99,2.1352,-0.1953,-36.4156
2,2.9900,swingup,6.00,1.9944,1.4490,95.28,147.51,3.1059,-2.3830,1.3171
1,3.0900,swingup,-6.00,-1.5068,0.2317,-137.67,-161.87,-2.4380,0.6055,12.4391
2,3.0900,swingup,6.00,2.1962,2.5424,163.18,120.12,-0.7085,-2.5051,6.4266
1,3.1900,swingup,-6.00,-1.4270,1.3689,-151.74,-118.75,-1.4669,0.3150,3.0433
2,3.1900,swingup,6.00,2.5034,3.7414,-135.71,151.44,2.7761,-0.5855,-36.6482
1,3.2900,swingup,-6.00,-1.2971,1.1211,-157.33,-89.36,-0.8976,-2.1452,-2.8239
2,3.2900,swingup,6.00,2.7914,2.1683,-125.36,-118.86,2.8873,-0.2864,-27.6412
1,3.3900,swingup,-6.00,-1.1959,0.9410,-163.35,-71.68,-1.1974,2.2147,0.4452
2,3.3900,swingup,6.00,2.9152,0.5228,-127.28,-32.19,2.8339,1.0474,-17.6059
1,3.4900,swingup,-6.00,-1.0980,1.0680,-171.12,-65.55,-1.4622,0.1029,2.3644
2,3.4900,swingup,6.00,2.9553,0.2082,-90.43,45.83,2.6782,1.1468,-3.2232
1,3.5900,swingup,-6.00,-0.9816,1.2598,-179.80,-71.86,-1.5251,-2.0746,0.9268
2,3.5900,swingup,6.00,2.9528,-0.3689,-28.15,119.76,-0.5479,-0.9817,-2.1180
1,3.6900,swingup,-6.00,-0.8558,1.1896,171.87,-90.28,-1.3417,2.1446,-2.7843
2,3.6900,swingup,6.00,2.9067,-0.4650,40.06,162.37,-1.2187,-3.1195,-3.0257
1,3.7900,swingup,-6.00,-0.7556,0.6449,166.09,-120.96,-0.6618,-0.1858,-10.1960
2,3.7900,swingup,6.00,2.8723,0.0381,107.10,145.73,1.0470,-2.1496,-1.4089
1,3.8900,swingup,-6.00,-0.7492,-0.8831,166.42,-170.42,0.7756,1.6270,-24.3543
2,3.8900,swingup,6.00,2.9770,1.2388,-164.88,108.94,0.2926,2.7678,-7.5104
1,3.9900,swingup,-6.00,-0.9102,-1.6413,165.08,124.40,-1.5984,2.8688,14.6848
2,3.9900,swingup,6.00,3.0842,0.8172,-106.46,171.02,-0.1912,2.6333,-4.9811
1,4.0900,swingup,-6.00,-1.0068,-0.2315,154.40,79.60,-1.8303,-0.4209,9.3533
2,4.0900,swingup,6.00,3.1266,-0.4931,-115.54,-84.17,1.1858,0.5936,-7.4638
1,4.1900,swingup,-6.00,-0.9974,0.3313,144.39,46.41,-1.6878,1.1858,0.7502
2,4.1900,swingup,6.00,3.0432,-0.9030,-109.92,5.43,-1.0056,2.3657,2.4492
1,4.2900,swingup,-6.00,-0.9666,0.1710,135.54,22.41,-1.3685,2.9028,-5.4430
2,4.2900,swingup,6.00,2.9573,-0.8812,-57.09,92.92,-0.8993,2.5703,-0.2007
1,4.3900,swingup,-6.00,-0.9742,-0.4387,130.07,9.67,-0.5422,-1.2132,-8.9507
2,4.3900,swingup,6.00,2.8695,-0.7146,15.69,168.94,0.2874,-1.5313,4.1022
1,4.4900,swingup,-6.00,-1.0562,-1.3149,130.23,10.61,0.4731,1.3289,-10.4933
2,4.4900,swingup,6.00,2.8276,-0.0618,85.58,-153.74,-1.0007,1.9618,-0.3942
1,4.5900,swingup,-6.00,-1.2282,-2.1763,134.99,26.25,1.0081,-2.4690,-7.8821
2,4.5900,swingup,6.00,2.8526,0.2583,158.56,175.76,-2.9223,-0.9260,34.4341
1,4.6900,swingup,-6.00,-1.4715,-2.6307,140.16,54.60,0.7143,-0.4869,-1.2394
2,4.6900,swingup,6.00,2.9168,0.4162,-122.08,137.47,-1.5176,1.0671,2.9923
1,4.7900,swingup,-6.00,-1.7274,-2.3151,142.30,93.60,0.0848,1.4439,6.7338
2,4.7900,swingup,6.00,2.9258,-0.5645,-63.40,174.30,2.8627,2.9128,3.1294
1,4.8900,swingup,-6.00,-1.9163,-1.3337,142.20,145.80,0.3568,-2.6203,2.7178
2,4.8900,swingup,6.00,2.8604,-1.0311,-26.81,-126.32,-2.1912,-2.4854,-12.2915
1,4.9900,swingup,-6.00,-2.0638,-2.2603,153.64,-167.29,2.8831,-0.3470,-25.0988
2,4.9900,swingup,6.00,2.7318,-1.3989,-17.12,-72.40,-0.2667,2.8979,-3.2965
1,5.0900,swingup,-6.00,-2.3824,-4.0106,168.26,-147.32,2.2968,1.9211,-9.9243
2,5.0900,swingup,6.00,2.5759,-1.7553,-27.81,-16.61,-2.5967,-2.4365,-2.0956
1,5.1900,swingup,-6.00,-2.8174,-4.6437,-179.20,-144.17,2.1816,-0.4668,-3.3012
2,5.1900,swingup,6.00,2.3857,-2.0511,-35.16,36.89,-0.0176,2.7522,-2.0443
1,5.2900,swingup,-6.00,-3.2930,-4.8375,-166.02,-152.86,2.4016,-2.2567,0.6070
2,5.2900,swingup,6.00,2.1763,-2.1626,-24.59,93.00,-2.5299,-1.7229,-8.2666
1,5.3900,swingup,-6.00,-3.7690,-4.5174,-152.30,-167.11,2.3158,-2.2589,9.6520
2,5.3900,swingup,6.00,1.9446,-2.1535,16.49,164.27,-3.0973,0.6971,-14.5814
1,5.4900,swingup,-6.00,-4.1730,-3.3152,-139.80,-173.15,2.0844,0.2012,17.7565
2,5.4900,swingup,6.00,1.6988,-2.3760,85.19,-131.10,0.1947,1.9560,-2.2263
1,5.5900,swingup,-6.00,-4.4271,-1.5210,-129.19,-160.47,1.5167,-2.2825,22.8137
2,5.5900,swingup,6.00,1.4905,-1.7406,155.85,-124.59,-0.1144,0.8085,-2.1075
1,5.6900,swingup,-6.00,-4.4871,0.5358,-124.70,-125.36,0.3493,1.1035,24.5197
2,5.6900,swingup,6.00,1.2358,-3.3205,-129.49,164.70,2.9640,-3.1375,-17.6089
1,5.7900,swingup,-6.00,-4.3648,1.8214,-118.84,-88.43,1.6487,-1.0921,9.1854
2,5.7900,swingup,6.00,0.8865,-3.1623,-92.55,130.73,-0.7610,2.6413,12.2059
1,5.8900,swingup,-6.00,-4.1576,2.3320,-108.45,-66.58,1.7227,2.8332,5.5356
2,5.8900,swingup,6.00,0.6099,-2.3102,-64.27,119.48,-2.0607,-1.1988,9.5967
1,5.9900,swingup,-6.00,-3.9092,2.6142,-101.63,-54.99,0.6159,1.5359,1.6849
2,5.9900,swingup,6.00,0.4257,-0.9231,-49.51,111.75,0.7609,-1.7018,18.3522
1,6.0900,swingup,-6.00,-3.6452,2.6332,-103.29,-47.90,-1.0694,1.0443,-0.3524
2,6.0900,swingup,6.00,0.3972,0.3039,-55.94,100.56,-2.4172,-2.0877,7.9049
1,6.1900,swingup,-6.00,-3.3839,2.6243,-114.72,-44.26,-2.6957,0.1070,2.4594
2,6.1900,swingup,6.00,0.4763,1.4591,-79.72,84.93,0.5852,2.7269,12.3323
1,6.2900,swingup,-6.00,-3.1416,1.7046,-136.91,-47.41,0.9668,-0.8744,-11.5206
2,6.2900,swingup,6.00,0.6539,2.1533,-120.50,59.32,-1.7235,1.2963,15.8792
1,6.3900,swingup,-6.00,-3.0025,1.3260,-173.90,-66.37,-0.4823,0.3481,2.5311
2,6.3900,swingup,6.00,0.9184,3.2037,-164.13,35.17,-0.4894,-2.9651,6.7239
1,6.4900,swingup,-6.00,-2.8782,0.7628,153.07,-117.14,1.6997,1.4793,-20.0512
2,6.4900,swingup,6.00,1.2399,2.9643,161.86,31.29,0.8114,1.4154,-9.3814
1,6.5900,swingup,-6.00,-2.8481,0.5613,151.59,159.75,-1.0506,0.8220,16.0475
2,6.5900,swingup,6.00,1.4989,2.1957,130.71,55.51,0.5328,0.2913,-5.9983
1,6.6900,swingup,-6.00,-2.7162,1.5197,170.52,75.30,-0.5505,0.5983,5.6332
2,6.6900,swingup,6.00,1.7215,2.5132,90.77,111.67,-0.7689,-1.3786,-6.0744
1,6.7900,swingup,-6.00,-2.5046,2.2566,154.73,3.69,1.0291,-0.9244,-13.6775
2,6.7900,swingup,6.00,1.9657,2.0658,71.63,160.02,-0.7149,0.7882,-8.5254
1,6.8900,swingup,-6.00,-2.3042,1.8400,115.36,-77.46,-0.3035,-1.6881,-3.6368
2,6.8900,swingup,6.00,2.1492,1.6083,81.89,-159.99,-2.5366,0.6748,-9.1846
1,6.9900,swingup,-6.00,-2.1566,1.1434,97.85,-151.73,0.6385,0.8849,-4.4824
2,6.9900,swingup,6.00,2.2858,1.1764,113.25,-127.33,0.1862,-2.1206,-6.2920
1,7.0900,swingup,-6.00,-2.0564,1.2755,130.90,131.38,-1.6241,1.6607,8.8059
2,7.0900,swingup,6.00,2.3820,0.6498,151.23,-122.32,0.3079,-2.0483,-7.9033
1,7.1900,swingup,-6.00,-1.8871,1.6364,174.89,65.96,-1.2833,-1.4345,6.3306
2,7.1900,swingup,6.00,2.4070,-0.5403,-168.17,-156.74,1.3147,3.1304,-16.7625
1,7.2900,swingup,-6.00,-1.7006,1.9766,-157.09,30.52,-1.4681,1.0301,-0.3146
2,7.2900,swingup,6.00,2.3265,-0.2007,-136.13,158.62,-2.0271,1.4646,22.6110
1,7.3900,swingup,-6.00,-1.5094,1.8321,-133.24,-0.85,-2.6501,0.3279,-1.5985
2,7.3900,swingup,6.00,2.3828,1.2800,-113.51,148.48,-2.5739,0.3309,10.1392
1,7.4900,swingup,-6.00,-1.3422,1.3688,-113.92,-37.98,-3.0045,-0.6015,-7.4256
2,7.4900,swingup,6.00,2.5255,1.2333,-97.00,157.15,1.9147,1.6515,-4.3483
1,7.5900,swingup,-6.00,-1.2475,0.3412,-95.15,-81.16,-3.0904,-1.8337,-10.7972
2,7.5900,swingup,6.00,2.6352,0.9785,-92.81,165.79,-0.2216,1.3854,-1.8544
1,7.6900,swingup,-6.00,-1.2685,-0.7467,-84.04,-127.37,0.4046,-1.4818,-6.9883
2,7.6900,swingup,6.00,2.7264,0.8652,-100.60,173.57,-2.2791,1.5014,1.1493
1,7.7900,swingup,-6.00,-1.3732,-1.3474,-95.29,-170.69,2.2474,-0.9803,-4.9026
2,7.7900,swingup,6.00,2.8054,0.2607,-121.02,-174.66,1.4028,2.2228,-12.2739
1,7.8900,swingup,-6.00,-1.5268,-1.4756,-132.35,157.95,-1.7917,-2.7173,15.3038
2,7.8900,swingup,6.00,2.8005,0.1267,-160.07,-152.29,-1.3924,-0.9785,14.6424
1,7.9900,swingup,-6.00,-1.5893,0.7181,179.05,174.15,-1.9779,0.4239,23.6856
2,7.9900,swingup,6.00,2.8241,-0.0555,163.22,-136.83,0.3517,0.1877,-9.5936
1,8.0900,swingup,-6.00,-1.4840,0.6301,142.72,-158.06,0.8351,2.1535,-17.3107
2,8.0900,swingup,6.00,2.7813,-0.8927,131.54,-153.98,1.3632,0.7216,-12.0324
1,8.1900,swingup,-6.00,-1.4841,-0.6798,113.68,-164.80,1.7169,2.5911,-12.5988
2,8.1900,swingup,6.00,2.6591,-1.0374,115.75,159.46,-0.1889,-3.0418,3.4410
1,8.2900,swingup,-6.00,-1.5872,-1.1517,96.66,162.58,-1.2855,-0.2888,-0.6478
2,8.2900,swingup,6.00,2.5643,-0.3810,130.34,97.42,-2.5744,1.7470,18.9558
1,8.3900,swingup,-6.00,-1.7044,-1.2190,103.17,119.34,-3.0596,-2.3993,5.7636
2,8.3900,swingup,6.00,2.6143,1.4596,150.07,43.55,-2.9713,-2.5080,15.8675
1,8.4900,swingup,-6.00,-1.7812,-0.1663,127.81,71.61,-1.8926,-0.9006,10.9924
2,8.4900,swingup,6.00,2.8255,2.7889,169.76,-8.38,-2.5501,-3.1335,8.3746
1,8.5900,swingup,-6.00,-1.7432,0.9650,155.54,38.01,-0.8173,1.6223,5.6122
2,8.5900,swingup,6.00,3.1127,2.6073,-163.17,-63.16,-0.7888,2.4136,-11.7863
1,8.6900,swingup,-6.00,-1.6394,0.8192,-167.95,25.17,0.4815,-0.2775,-6.4164
2,8.6900,swingup,6.00,3.2870,0.1761,-124.86,-138.42,0.5119,-3.0465,-17.1231
1,8.7900,swingup,-6.00,-1.5809,0.5042,-133.56,25.38,-1.1652,-0.5653,5.3375
2,8.7900,swingup,6.00,3.2360,-0.8979,-119.97,148.46,2.7598,1.0575,-24.2981
1,8.8900,swingup,-6.00,-1.5157,0.6934,-111.41,13.73,2.8981,-2.8795,-9.8609
2,8.8900,swingup,6.00,3.1134,-0.6736,-163.44,92.66,-2.2881,0.2421,20.1806
1,8.9900,swingup,-6.00,-1.4814,0.0213,-100.78,-1.31,1.0491,-2.4334,-4.1261
2,8.9900,swingup,6.00,3.1009,0.1921,153.40,84.28,-0.8206,1.7722,-0.2773
1,9.0900,swingup,-6.00,-1.4932,-0.2362,-100.26,-14.52,-0.6886,-2.2783,-0.9500
2,9.0900,swingup,6.00,3.1303,0.5123,110.18,114.43,-1.4824,1.1237,-5.3889
1,9.1900,swingup,-6.00,-1.5178,-0.1959,-109.20,-29.40,-2.1890,-3.0692,3.1653
2,9.1900,swingup,6.00,3.1695,0.0711,79.27,144.24,2.7536,-2.8830,-6.0813
1,9.2900,swingup,-6.00,-1.5198,0.2837,-123.43,-54.03,-2.4003,0.7159,8.1230
2,9.2900,swingup,6.00,3.1339,-0.9295,68.73,156.92,-0.5518,1.4640,-7.6549
1,9.3900,swingup,-6.00,-1.4683,0.6106,-131.96,-96.54,-0.6000,-2.6774,-1.7075
2,9.3900,swingup,6.00,3.0198,-1.2359,72.63,164.85,1.5997,1.5209,1.3510
1,9.4900,swingup,-6.00,-1.4362,0.0426,-135.10,-154.92,-1.5878,2.5261,9.5731
2,9.4900,swingup,6.00,2.9039,-1.1344,87.97,174.41,-2.6819,1.4593,-1.6215
1,9.5900,swingup,-6.00,-1.4454,-0.6216,-161.69,160.90,-1.1922,0.7942,12.8311
2,9.5900,swingup,6.00,2.7983,-0.8429,115.57,177.67,-0.3597,-0.4207,1.8278
1,9.6900,swingup,-6.00,-1.4396,0.8096,154.01,150.69,-1.0087,0.1085,3.0661
2,9.6900,swingup,6.00,2.7059,-1.5525,159.15,157.93,2.1947,0.1437,-25.5802
1,9.7900,swingup,-6.00,-1.3616,0.3683,118.07,146.23,1.0110,-2.4131,-17.5195
2,9.7900,swingup,6.00,2.5136,-1.6783,-162.55,136.68,-0.2389,-1.0755,11.5677
1,9.8900,swingup,-6.00,-1.3799,-0.6042,97.89,118.94,-1.9574,0.1160,-6.6837
2,9.8900,swingup,6.00,2.3910,-0.6802,-128.99,149.98,-0.8185,-1.1759,13.3532
1,9.9900,swingup,-6.00,-1.4595,-1.0261,95.48,80.00,0.3805,-0.4668,-6.8650
2,9.9900,swingup,6.00,2.3715,-0.0036,-108.66,-163.60,1.0870,-2.7750,-0.2068
1,10.0900,swingup,-6.00,-1.5791,-1.3859,98.37,47.21,0.5910,1.3986,-3.9077
2,10.0900,swingup,6.00,2.3731,-0.2910,-122.20,-95.61,2.3609,-0.1858,-9.0958
1,10.1900,swingup,-6.00,-1.7292,-1.6190,103.81,23.52,1.3434,2.6811,-2.2955
2,10.1900,swingup,6.00,2.3360,-0.0681,-131.80,-40.98,0.0326,1.5284,1.8747
1,10.2900,swingup,-6.00,-1.8989,-1.8079,115.40,6.70,2.6535,-2.2764,-3.7981
2,10.2900,swingup,6.00,2.3258,-0.2305,-128.00,2.03,0.9986,1.3489,-3.8684
1,10.3900,swingup,-6.00,-2.0577,-0.9634,138.17,-2.77,-0.8492,-1.2028,7.9104
2,10.3900,swingup,6.00,2.2876,-0.5481,-120.62,50.36,1.3961,2.8845,-4.5889
1,10.4900,swingup,-6.00,-2.1409,-1.0786,178.22,1.75,1.1764,2.2356,-8.5521
2,10.4900,swingup,6.00,2.2331,-0.3803,-119.40,102.05,-1.2705,2.2781,7.2510
1,10.5900,swingup,-6.00,-2.2685,-1.2270,-143.90,11.72,-0.4527,0.5813,9.4371
2,10.5900,swingup,6.00,2.2245,-0.3201,-139.84,154.03,-0.1151,-2.6885,0.9118
1,10.6900,swingup,-6.00,-2.3530,-0.3309,-116.47,1.35,-2.2675,2.5500,9.9223
2,10.6900,swingup,6.00,2.1768,-1.5246,164.35,-132.24,3.1111,-3.1226,-35.6276
1,10.7900,swingup,-6.00,-2.3570,0.1836,-95.59,-29.57,-2.6725,-0.2912,2.3153
2,10.7900,swingup,6.00,2.0624,-0.8904,126.82,-100.98,0.8739,-2.8318,-1.9927
1,10.8900,swingup,-6.00,-2.3439,-0.0653,-72.54,-75.47,-2.1138,-2.6718,-1.5420
2,10.8900,swingup,6.00,1.9769,-0.7471,98.89,-89.48,2.0165,1.3199,1.9825
1,10.9900,swingup,-6.00,-2.3593,-0.0465,-60.40,-121.40,0.0459,-0.9338,0.6467
2,10.9900,swingup,6.00,1.9195,-0.3939,80.49,-82.30,-2.3610,1.2405,2.0234
1,11.0900,swingup,-6.00,-2.3747,-0.2884,-72.64,-163.68,2.2363,-1.1790,6.6208
2,11.0900,swingup,6.00,1.8874,-0.2292,72.21,-76.21,-0.7585,0.8175,2.6755
1,11.1900,swingup,-6.00,-2.3942,-0.1706,-109.05,162.83,-1.6081,2.5042,6.9832
2,11.1900,swingup,6.00,1.8749,0.0246,72.04,-74.32,0.5445,-0.1075,3.9752
1,11.2900,swingup,-6.00,-2.3638,0.6609,-160.62,171.97,1.8524,0.1435,-28.0088
2,11.2900,swingup,6.00,1.8919,0.3519,79.30,-77.73,1.8990,-0.9221,3.8728
1,11.3900,swingup,-6.00,-2.3479,-0.5315,134.03,-158.52,2.6115,-0.3855,-21.3405
2,11.3900,swingup,6.00,1.9398,0.6066,95.75,-83.61,-2.5342,-1.0053,2.2847
1,11.4900,swingup,-6.00,-2.4010,-0.1353,87.62,171.19,0.1666,-1.3234,2.4982
2,11.4900,swingup,6.00,2.0191,1.0434,123.06,-91.05,-0.8239,-1.9328,1.7941
1,11.5900,swingup,-6.00,-2.3953,0.1474,69.11,121.69,-0.7097,-3.0455,0.7891
2,11.5900,swingup,6.00,2.1336,1.1194,157.21,-114.01,0.1592,0.0805,-7.0276
1,11.6900,swingup,-6.00,-2.3585,0.7594,79.73,63.17,3.0722,2.0303,1.9881
2,11.6900,swingup,6.00,2.1823,-0.8697,-159.87,-175.16,0.9407,-1.1139,-11.9459
1,11.7900,swingup,-6.00,-2.2684,0.9140,91.60,11.52,1.2599,-1.7409,-2.4877
2,11.7900,swingup,6.00,2.1370,0.7819,-136.46,132.87,-3.0199,0.4520,23.8072
1,11.8900,swingup,-6.00,-2.1869,0.6841,95.36,-33.21,0.2203,-1.7072,-1.5517
2,11.8900,swingup,6.00,2.2870,2.0535,-117.66,113.40,-3.1000,-1.8392,5.8561
1,11.9900,swingup,-6.00,-2.1300,0.4055,94.06,-84.28,-0.3077,2.9334,0.2070
2,11.9900,swingup,6.00,2.4402,0.9397,-109.26,100.41,0.0169,-2.7890,-6.9825
1,12.0900,swingup,-6.00,-2.1037,0.1899,103.18,-135.97,-2.5704,-2.0235,6.9776
2,12.0900,swingup,6.00,2.5154,0.6621,-116.69,83.62,-2.1779,-2.8289,2.3037
1,12.1900,swingup,-6.00,-2.0663,0.1082,143.08,167.33,-2.2042,-1.5654,24.8931
2,12.1900,swingup,6.00,2.5959,1.0896,-131.92,71.10,-2.7790,-1.4639,8.7144
1,12.2900,swingup,-6.00,-1.9625,2.3253,-154.18,106.20,-2.3293,1.9050,18.8228
2,12.2900,swingup,6.00,2.7348,1.7183,-146.14,69.49,-2.1866,0.7298,5.9078
1,12.3900,swingup,-6.00,-1.7159,2.0206,-90.14,120.17,-1.0651,0.7068,-7.8135
2,12.3900,swingup,6.00,2.9249,2.0859,-157.29,80.61,-1.8450,2.9034,3.3549
1,12.4900,swingup,-6.00,-1.5781,0.6333,-25.43,174.77,-1.3122,-1.6062,-9.6990
2,12.4900,swingup,6.00,3.1510,2.5264,-168.13,104.17,-2.0168,-1.1218,6.4861
1,12.5900,swingup,-6.00,-1.5527,-0.0255,39.30,-114.24,-1.5030,0.9413,-3.5298
2,12.5900,swingup,6.00,3.4401,3.5031,177.75,143.86,-2.9407,2.4681,15.2706
1,12.6900,swingup,-6.00,-1.5559,0.1190,92.97,-33.38,0.8901,1.4301,3.5851
2,12.6900,swingup,6.00,3.7393,1.4500,149.95,-161.98,0.6792,0.8563,-33.2144
1,12.7900,swingup,-6.00,-1.5261,0.4423,113.40,44.30,0.4466,1.3265,1.0588
2,12.7900,swingup,6.00,3.7625,-0.9661,117.54,-147.48,0.4540,-0.9400,-18.8516
1,12.8900,swingup,-6.00,-1.4476,1.2736,99.22,137.78,-1.2425,-2.8530,-1.3380
2,12.8900,swingup,6.00,3.6062,-2.1416,87.37,-171.95,2.0567,-0.0822,-7.9514
1,12.9900,swingup,-6.00,-1.3196,0.9873,128.10,-152.47,2.6999,2.3153,-26.3320
2,12.9900,swingup,6.00,3.3625,-2.7338,77.13,145.70,0.4423,-1.6868,-0.7332
1,13.0900,swingup,-6.00,-1.2260,0.6450,-164.97,-144.07,1.0503,0.8232,-24.2476
2,13.0900,swingup,6.00,3.1001,-2.3633,95.14,95.33,-1.0724,2.7888,3.0960
1,13.1900,swingup,-6.00,-1.2491,-0.8687,-103.00,-169.44,1.8932,-0.9585,-10.2935
2,13.1900,swingup,6.00,2.9043,-1.4481,124.35,47.69,-1.5196,-0.5863,9.4940
1,13.2900,swingup,-6.00,-1.3720,-1.5102,-64.07,-162.63,-0.3413,2.5332,-3.3767
2,13.2900,swingup,6.00,2.8046,-0.5630,154.74,15.38,-0.2118,1.9148,1.3374
1,13.3900,swingup,-6.00,-1.5435,-1.9814,-34.32,-144.72,-1.5937,-2.9917,-4.8775
2,13.3900,swingup,6.00,2.7390,-0.9330,-166.81,0.92,0.1710,-2.0267,-1.4187
1,13.4900,swingup,-6.00,-1.7597,-2.2913,-9.76,-126.81,-2.3272,2.9379,-0.4052
2,13.4900,swingup,6.00,2.6512,-0.6489,-135.17,-21.41,-1.2227,0.6023,6.2846
1,13.5900,swingup,-6.00,-1.9858,-2.1585,10.45,-112.29,-3.1030,2.1207,3.1572
2,13.5900,swingup,6.00,2.5957,-0.6724,-103.28,-67.07,0.2165,2.3908,-2.8572
1,13.6900,swingup,-6.00,-2.1486,-1.0045,21.10,-106.04,0.8653,0.0911,8.6002
2,13.6900,swingup,6.00,2.4855,-1.5256,-69.09,-129.74,-2.7352,3.0510,-5.6021
1,13.7900,swingup,-6.00,-2.2205,-0.4700,22.56,-112.36,-0.1095,-2.0423,3.3120
2,13.7900,swingup,6.00,2.3434,-1.3760,-68.05,178.61,-2.4754,3.1015,-4.1980
1,13.8900,swingup,-6.00,-2.2592,-0.3444,20.15,-130.36,-0.6581,2.2494,0.1856
2,13.8900,swingup,6.00,2.2153,-1.1384,-101.20,122.66,-1.8111,-2.8915,6.2367
1,13.9900,swingup,-6.00,-2.2991,-0.4983,15.41,-158.94,-0.8473,0.6803,-0.9587
2,13.9900,swingup,6.00,2.1367,-0.1621,-149.12,92.06,-1.2156,-1.4273,12.9750
1,14.0900,swingup,-6.00,-2.3520,-0.4612,13.08,169.95,0.0899,1.4452,4.4381
2,14.0900,swingup,6.00,2.1487,0.3354,171.95,106.24,-0.5618,-0.8566,5.4197
1,14.1900,swingup,-6.00,-2.3758,0.0818,16.36,149.37,0.8468,-2.5538,6.7579
2,14.1900,swingup,6.00,2.2305,1.4720,130.32,156.71,-0.0069,-3.0451,-7.6072
1,14.2900,swingup,-6.00,-2.3390,0.7076,21.91,141.68,1.0441,-0.3740,6.1113
2,14.2900,swingup,6.00,2.3346,0.7635,109.19,-168.33,-2.1034,-1.7103,1.2046
1,14.3900,swingup,-6.00,-2.2443,1.2191,28.93,146.03,1.4452,1.6720,5.1764
2,14.3900,swingup,6.00,2.4044,0.4706,105.50,-145.55,0.3730,-2.8816,-6.8427
1,14.4900,swingup,-6.00,-2.1021,1.6414,40.24,161.69,2.5590,-2.7415,3.7763
2,14.4900,swingup,6.00,2.4212,-0.2413,112.44,-131.67,1.7255,1.4714,-9.5468
1,14.5900,swingup,-6.00,-1.9512,0.9770,62.52,-177.78,-1.1299,2.7466,-9.3665
2,14.5900,swingup,6.00,2.3584,-1.1214,123.93,-131.78,2.1581,-1.3296,-10.6723
1,14.6900,swingup,-6.00,-1.8798,0.4746,97.49,-173.39,0.5436,-1.2393,-7.3073
2,14.6900,swingup,6.00,2.2021,-2.1641,137.69,-149.63,2.7057,1.5585,-15.0005
1,14.7900,swingup,-6.00,-1.8657,0.1057,147.32,154.42,-1.0254,2.6699,4.8663
2,14.7900,swingup,6.00,1.9919,-1.3919,165.67,171.93,1.3522,-2.0951,-8.9129
1,14.8900,swingup,-6.00,-1.8036,1.3953,-150.46,124.84,-2.3100,0.7414,12.0062
2,14.8900,swingup,6.00,1.8526,-0.8226,-156.79,136.06,-0.3518,2.9779,16.4370
1,14.9900,swingup,-6.00,-1.6694,0.5373,-98.86,160.86,0.4627,2.2828,-14.4845
2,14.9900,swingup,6.00,1.8277,0.3161,-122.07,137.79,-0.2318,-3.1018,11.0865
1,15.0900,swingup,-6.00,-1.6736,-0.5761,-78.01,-150.19,1.2693,1.9639,-6.8879
2,15.0900,swingup,6.00,1.8971,1.1298,-93.25,172.28,-2.7279,1.5158,7.0704
1,15.1900,swingup,-6.00,-1.7652,-1.3670,-84.51,-103.25,-2.9440,2.1908,-5.6465
2,15.1900,swingup,6.00,2.0277,1.4199,-89.94,-137.59,-2.0779,-2.9648,1.5666
1,15.2900,swingup,-6.00,-1.9296,-1.9335,-106.69,-55.89,2.5196,0.9328,-2.6726
2,15.2900,swingup,6.00,2.1481,0.7729,-116.94,-75.69,1.2456,-2.5965,-4.8535
1,15.3900,swingup,-6.00,-2.1430,-2.3865,-127.67,-21.11,2.4505,-0.9492,-3.7987
2,15.3900,swingup,6.00,2.1805,-0.3314,-141.51,-28.59,2.0535,1.2575,-12.8987
1,15.4900,swingup,-6.00,-2.3971,-2.6075,-153.97,3.12,0.9174,3.0465,3.9042
2,15.4900,swingup,6.00,2.0945,-1.3332,-169.59,12.62,0.6981,0.6005,-2.9177
1,15.5900,swingup,-6.00,-2.6383,-2.1802,174.39,16.39,1.2124,2.6816,0.5642
2,15.5900,swingup,6.00,1.9555,-1.3188,156.34,57.78,-0.0960,3.0420,5.0740
1,15.6900,swingup,-6.00,-2.8576,-2.2581,148.90,41.09,2.0761,-0.6098,-1.0815
2,15.6900,swingup,6.00,1.8825,0.4605,110.75,132.08,-1.9463,2.7268,4.6678
1,15.7900,swingup,-6.00,-3.0709,-1.7327,123.36,83.26,1.4757,2.5846,10.8084
2,15.7900,swingup,6.00,1.9441,0.4595,95.70,-162.13,0.9962,-2.3598,-6.9687
1,15.8900,swingup,-6.00,-3.1762,-0.1804,99.71,139.79,-2.2736,-3.0338,18.1102
2,15.8900,swingup,6.00,1.9644,0.0051,120.94,-105.14,0.5121,-3.0592,-8.4162
1,15.9900,swingup,-6.00,-3.1300,1.0763,105.80,-166.00,-2.2897,-3.0462,15.7268
2,15.9900,swingup,6.00,1.9234,-0.9133,162.07,-66.55,0.3987,-2.2050,-5.6528
1,16.0900,swingup,-6.00,-2.9856,1.2184,147.58,-121.08,2.3982,-1.9200,-19.8279
2,16.0900,swingup,6.00,1.8296,-0.7708,-163.03,-60.79,-0.4543,-1.4757,5.9597
1,16.1900,swingup,-6.00,-2.9361,-0.2465,-166.44,-126.55,1.5468,1.5665,-11.3138
2,16.1900,swingup,6.00,1.7698,-0.5477,-128.13,-86.85,0.3422,-0.8855,-0.5940
1,16.2900,swingup,-6.00,-3.0131,-0.9414,-125.04,-164.07,-0.5757,0.9240,16.5403
2,16.2900,swingup,6.00,1.6866,-1.0442,-91.73,-136.36,-1.7762,-1.2568,4.5585
1,16.3900,swingup,-6.00,-3.0424,0.4759,-101.06,-176.05,-3.0566,0.1025,12.7946
2,16.3900,swingup,6.00,1.5966,-0.6457,-80.29,-171.28,0.2231,0.8311,4.2317
1,16.4900,swingup,-6.00,-2.9766,0.8507,-89.02,-170.07,1.1576,1.5673,4.1649
2,16.4900,swingup,6.00,1.5458,-0.3652,-89.81,158.20,-3.1384,1.1216,4.2552
1,16.5900,swingup,-6.00,-2.8780,1.0965,-89.26,-159.20,-1.0280,2.0688,1.0887
2,16.5900,swingup,6.00,1.5168,-0.2809,-116.04,133.93,0.7205,-3.1212,1.9532
1,16.6900,swingup,-6.00,-2.7642,1.1417,-102.48,-145.26,2.8482,2.8901,-6.3181
2,16.6900,swingup,6.00,1.4954,-0.0203,-151.25,131.14,-0.1734,2.0921,8.0588
1,16.7900,swingup,-6.00,-2.6848,0.4071,-131.53,-125.78,-0.0914,-2.4720,1.4207
2,16.7900,swingup,6.00,1.5390,1.2970,168.67,165.37,-0.9488,2.7174,15.4723
1,16.8900,swingup,-6.00,-2.6499,0.2483,-167.29,-114.75,0.3580,-0.2018,-2.8946
2,16.8900,swingup,6.00,1.6793,0.7626,138.46,-155.69,2.0223,-2.2737,-19.0419
1,16.9900,swingup,-6.00,-2.6449,-0.2757,160.47,-132.47,1.0469,0.7374,-10.1866
2,16.9900,swingup,6.00,1.6932,-0.4332,115.91,-148.53,2.6526,-0.6554,-7.8159
1,17.0900,swingup,-6.00,-2.7233,-0.6923,139.66,176.70,-0.7631,1.4471,14.5268
2,17.0900,swingup,6.00,1.6541,0.0354,100.96,-156.50,-1.5018,-1.1578,6.6436
1,17.1900,swingup,-6.00,-2.7877,-0.8220,146.87,106.43,0.1895,1.6366,5.9512
2,17.1900,swingup,6.00,1.6774,0.3681,99.18,-161.84,0.6133,-0.8734,0.3229
1,17.2900,swingup,-6.00,-2.8159,0.4623,142.54,52.96,-1.1126,-2.4531,12.8831
2,17.2900,swingup,6.00,1.7097,0.1508,108.66,-169.28,2.4806,-1.9555,-7.3978
1,17.3900,swingup,-6.00,-2.7164,1.5644,133.58,0.87,-2.1117,2.7903,9.2887
2,17.3900,swingup,6.00,1.7246,0.6870,130.81,173.81,-0.8408,2.8279,7.5339
1,17.4900,swingup,-6.00,-2.5419,1.3604,115.29,-62.97,2.3276,0.7805,-10.8757
2,17.4900,swingup,6.00,1.7950,0.3445,170.25,144.29,0.2568,1.2765,-1.9047
1,17.5900,swingup,-6.00,-2.4485,0.7110,102.28,-126.60,0.2087,2.6235,-1.7757
2,17.5900,swingup,6.00,1.8514,0.9794,-156.48,132.69,-0.6801,0.4300,8.4917
1,17.6900,swingup,-6.00,-2.3860,0.7976,123.23,176.87,0.5658,1.6346,-5.4683
2,17.6900,swingup,6.00,1.9796,1.6530,-127.00,151.82,-1.8198,-0.6934,9.6549
1,17.7900,swingup,-6.00,-2.2644,2.4843,-179.45,104.88,-2.9364,-2.0362,27.6987
2,17.7900,swingup,6.00,2.1563,1.3557,-113.69,-166.46,0.0268,1.4147,-5.1252
1,17.8900,swingup,-6.00,-1.9451,3.1489,-118.40,96.03,-1.1748,-2.4882,-8.3462
2,17.8900,swingup,6.00,2.2804,0.7080,-129.20,-114.29,1.5791,-2.7115,-13.6215
1,17.9900,swingup,-6.00,-1.7102,1.2827,-54.61,135.92,-1.5912,2.0440,-16.5563
2,17.9900,swingup,6.00,2.2834,-0.7144,-156.21,-69.33,1.5171,-0.0340,-10.3584
1,18.0900,swingup,-6.00,-1.6614,-0.2174,13.33,-173.46,0.0892,2.4936,-7.4785
2,18.0900,swingup,6.00,2.1793,-1.1629,173.55,-45.15,0.5797,2.3396,2.8539
1,18.1900,swingup,-6.00,-1.6914,-0.3082,84.03,-140.78,-1.0192,1.5714,-8.9199
2,18.1900,swingup,6.00,2.0850,-0.6616,141.05,-42.52,0.9887,-0.4731,1.1504
1,18.2900,swingup,-6.00,-1.7140,-0.1637,151.82,-171.72,1.6881,0.1538,-30.2927
2,18.2900,swingup,6.00,2.0288,-0.5001,116.62,-44.25,2.9915,0.1003,-0.7770
1,18.3900,swingup,-6.00,-1.7654,-0.3515,-133.98,126.33,-2.5426,2.6121,13.1298
2,18.3900,swingup,6.00,2.0270,0.5180,105.35,-45.02,-0.9867,-0.4294,6.6403
1,18.4900,swingup,-6.00,-1.7993,-0.7787,-75.01,138.55,-2.1260,-0.5091,-8.7803
2,18.4900,swingup,6.00,2.0992,0.8665,105.97,-48.29,1.0133,-0.5667,-0.0010
1,18.5900,swingup,-6.00,-1.9345,-1.8926,-14.06,-174.92,-1.6873,-2.8579,-5.7932
2,18.5900,swingup,6.00,2.1798,0.5895,118.29,-49.23,3.0384,0.3248,-10.3413
1,18.6900,swingup,-6.00,-2.1389,-2.0241,49.19,-110.71,-1.6243,-0.3072,1.7576
2,18.6900,swingup,6.00,2.2692,1.3148,143.68,-46.57,-0.8141,0.3464,1.0812
1,18.7900,swingup,-6.00,-2.3153,-1.2769,107.96,-36.21,3.1186,0.7344,2.6977
2,18.7900,swingup,6.00,2.4092,1.4863,174.98,-53.09,-1.0909,-2.8003,1.8875
1,18.8900,swingup,-6.00,-2.4291,-0.6801,148.88,42.84,-1.5001,1.1657,22.6207
2,18.8900,swingup,6.00,2.5637,1.4996,-155.28,-82.33,-0.8199,-0.7952,-4.7765
1,18.9900,swingup,-6.00,-2.3929,0.9785,161.03,126.41,-1.6904,-1.6015,25.8993
2,18.9900,swingup,6.00,2.6634,0.1367,-121.06,-138.73,-0.8905,1.4843,-4.5762
1,19.0900,swingup,-6.00,-2.1796,2.7014,167.06,-134.92,0.3533,0.6237,-10.3544
2,19.0900,swingup,6.00,2.6382,-0.7415,-111.27,167.91,-1.1464,-2.4861,0.0580
1,19.1900,swingup,-6.00,-2.0158,0.3224,-147.49,-91.40,1.1987,-2.3040,-12.5250
2,19.1900,swingup,6.00,2.5513,-1.2557,-135.40,121.73,-0.3800,-0.9916,3.4661
1,19.2900,swingup,-6.00,-2.0288,-0.4788,-107.17,-84.92,0.4853,-0.7871,0.3290
2,19.2900,swingup,6.00,2.4555,-0.5106,-176.11,101.86,-0.5427,-0.1894,6.1429
1,19.3900,swingup,-6.00,-2.0872,-0.6541,-72.77,-93.42,-1.2323,-1.3087,0.7927
2,19.3900,swingup,6.00,2.4284,0.0846,144.58,120.89,-0.8498,-0.2010,5.8348
1,19.4900,swingup,-6.00,-2.1581,-0.7923,-50.09,-98.78,-3.0267,-0.8790,-1.6001
2,19.4900,swingup,6.00,2.4642,0.2563,110.16,156.80,1.9767,-1.7228,-13.0818
1,19.5900,swingup,-6.00,-2.2007,0.0237,-39.93,-102.44,0.6408,-0.6733,4.8680
2,19.5900,swingup,6.00,2.4616,-0.1366,94.71,173.39,-1.5815,2.2774,-2.8528
1,19.6900,swingup,-6.00,-2.1834,0.2464,-41.13,-109.65,-0.7772,-1.8370,-1.1264
2,19.6900,swingup,6.00,2.4356,-0.4149,92.49,-176.05,0.5593,1.5447,-2.8686
1,19.7900,swingup,-6.00,-2.1658,0.0326,-49.05,-124.70,-1.9129,3.0177,-4.8380
2,19.7900,swingup,6.00,2.3820,-0.7187,101.93,-169.88,2.4979,0.5096,-5.9734
1,19.8900,swingup,-6.00,-2.1854,-0.3538,-64.75,-147.35,2.5934,2.1071,9.5684
2,19.8900,swingup,6.00,2.3094,-0.2786,122.76,-171.50,-1.4584,-0.5783,9.0850
1,19.9900,swingup,-6.00,-2.1984,-0.0479,-95.40,-163.25,-0.2929,-1.3503,1.7470
2,19.9900,swingup,6.00,2.3014,-0.3498,160.13,173.16,1.4059,1.0351,-20.2841
1,20.0900,swingup,-6.00,-2.1958,-0.3098,-144.83,-151.37,1.4313,-1.1346,-15.0445
2,20.0900,swingup,6.00,2.2193,-0.7462,-162.73,147.09,-0.6941,-2.4187,11.4878
1,20.1900,swingup,-6.00,-2.2935,-1.7658,150.84,-144.91,2.1915,1.5761,-17.7892
2,20.1900,swingup,6.00,2.1903,0.2106,-132.34,150.63,-1.3181,3.0333,9.5852
1,20.2900,swingup,-6.00,-2.4547,-1.1558,112.60,157.43,-2.5536,-0.3804,20.0043
2,20.2900,swingup,6.00,2.2424,0.4555,-111.20,-178.66,2.0441,0.0702,-13.7053
1,20.3900,swingup,-6.00,-2.5069,-0.0955,118.86,76.35,0.8757,-0.3661,2.1370
2,20.3900,swingup,6.00,2.2503,-0.0918,-112.75,-141.06,-2.1267,1.0081,5.6393
1,20.4900,swingup,-6.00,-2.4794,0.7903,110.48,11.10,-3.0930,1.4072,8.3348
2,20.4900,swingup,6.00,2.2135,-1.1132,-135.73,-95.66,1.4391,0.9389,-10.9660
1,20.5900,swingup,-6.00,-2.3980,0.7978,80.95,-52.64,-0.3241,1.4096,-0.8398
2,20.5900,swingup,6.00,2.0522,-2.0495,-164.82,-65.80,0.8957,-2.8403,-2.1832
1,20.6900,swingup,-6.00,-2.3302,0.4095,37.55,-115.71,-1.6912,1.7714,-7.4090
2,20.6900,swingup,6.00,1.8498,-1.7919,162.27,-61.43,0.4218,-1.4669,5.8972
1,20.7900,swingup,-6.00,-2.3248,-0.3997,-8.08,-177.72,-1.6692,1.5470,-8.1514
2,20.7900,swingup,6.00,1.6989,-1.2496,131.23,-81.28,1.4032,1.5720,1.2080
1,20.8900,swingup,-6.00,-2.3955,-0.9967,-54.17,118.11,-1.8470,1.3880,-4.2343
2,20.8900,swingup,6.00,1.5815,-0.9313,109.70,-112.34,-2.4131,0.8321,18.9529
1,20.9900,swingup,-6.00,-2.5031,-1.0557,-101.52,54.12,-2.0665,1.1434,5.4893
2,20.9900,swingup,6.00,1.5438,0.0410,108.88,-137.10,1.3589,2.4784,2.6070
1,21.0900,swingup,-6.00,-2.5820,-0.4757,-143.83,-16.81,0.5952,-0.3691,-2.3829
2,21.0900,swingup,6.00,1.5468,0.3320,124.69,-162.04,-2.0304,1.5788,20.2057
1,21.1900,swingup,-6.00,-2.6544,-0.5362,-158.25,-91.19,1.2368,-1.4578,-9.9853
2,21.1900,swingup,6.00,1.6262,0.4960,163.65,160.19,1.8697,-2.8381,-23.7587
1,21.2900,swingup,-6.00,-2.7482,-0.5484,-136.29,173.52,2.1621,-2.0459,-15.1305
2,21.2900,swingup,6.00,1.6555,0.7235,-161.36,125.06,-0.8143,2.9134,11.4223
1,21.3900,swingup,-6.00,-2.7771,-0.1040,-151.93,107.66,0.4222,2.7578,1.3585
2,21.3900,swingup,6.00,1.7630,1.3406,-130.05,122.67,-0.9217,1.8325,3.8929
1,21.4900,swingup,-6.00,-2.7492,0.8328,169.61,69.77,-0.1122,2.4385,4.9448
2,21.4900,swingup,6.00,1.9033,1.4464,-103.55,144.36,-2.5716,-1.3459,0.4911
1,21.5900,swingup,-6.00,-2.6545,0.9553,136.02,64.53,0.7428,1.3306,-2.6275
2,21.5900,swingup,6.00,2.0245,0.8793,-92.51,171.68,0.4741,-1.9533,-5.0445
1,21.6900,swingup,-6.00,-2.5590,1.0300,104.88,85.38,0.8684,-0.9998,-0.3260
2,21.6900,swingup,6.00,2.0944,0.5373,-98.74,-165.34,-2.3361,-2.2883,-0.4213
1,21.7900,swingup,-6.00,-2.4404,1.3699,79.42,117.06,3.1061,-1.2029,2.8115
2,21.7900,swingup,6.00,2.1239,-0.2276,-122.33,-139.38,0.4994,-1.1590,-3.9142
1,21.8900,swingup,-6.00,-2.3159,1.0387,71.52,142.26,0.0085,-2.2217,-2.3922
2,21.8900,swingup,6.00,2.0895,-0.3723,-159.37,-112.84,0.2647,2.7422,-1.5792
1,21.9900,swingup,-6.00,-2.2173,0.9736,80.17,165.73,2.7385,-2.1845,-0.4761
2,21.9900,swingup,6.00,2.0365,-0.7159,167.43,-113.45,0.6282,-2.4644,-3.6076
1,22.0900,swingup,-6.00,-2.1331,0.6964,104.41,-176.47,-0.9224,1.8918,-2.9505
2,22.0900,swingup,6.00,1.9458,-1.2755,138.71,-143.78,2.1287,-1.2902,-12.1623
1,22.1900,swingup,-6.00,-2.0776,0.1129,142.76,178.35,1.5658,2.2122,-22.2763
2,22.1900,swingup,6.00,1.8395,-0.5622,133.20,163.78,2.1089,2.2900,-9.1808
1,22.2900,swingup,-6.00,-2.1597,-1.4316,-175.27,143.18,-0.4795,1.4907,8.5912
2,22.2900,swingup,6.00,1.8526,1.2341,159.70,102.47,-1.3415,-2.5430,16.9041
1,22.3900,swingup,-6.00,-2.2575,-0.4295,-143.62,133.55,-0.7889,0.8455,10.0322
2,22.3900,swingup,6.00,2.0459,2.5119,-171.36,65.68,-0.9516,1.7187,3.5927
1,22.4900,swingup,-6.00,-2.2652,0.3613,-114.63,154.99,-1.9451,-0.3545,10.6348
2,22.4900,swingup,6.00,2.2951,2.3082,-140.24,51.43,-1.0507,-1.1858,-2.4551
1,22.5900,swingup,-6.00,-2.2118,0.4676,-102.31,-162.66,-0.0204,1.7099,1.8591
2,22.5900,swingup,6.00,2.5078,1.9378,-115.98,45.70,-3.0418,-1.2048,-2.4426
1,22.6900,swingup,-6.00,-2.1624,0.1857,-119.55,-107.22,1.2022,-1.9023,-3.2844
2,22.6900,swingup,6.00,2.6407,0.6089,-104.90,41.57,0.9773,-0.1627,-11.1360
1,22.7900,swingup,-6.00,-2.1851,-0.7914,-144.93,-58.75,2.1605,0.7037,-10.5223
2,22.7900,swingup,6.00,2.6626,-0.1669,-105.33,43.67,-0.9418,0.6849,-5.4626
1,22.8900,swingup,-6.00,-2.3063,-1.5362,-171.25,-25.98,1.1729,-1.7741,-0.0604
2,22.8900,swingup,6.00,2.6290,-0.4304,-117.32,47.33,-3.0673,0.3875,2.9862
1,22.9900,swingup,-6.00,-2.4504,-1.2893,158.75,-6.80,1.3963,-3.1028,0.8755
2,22.9900,swingup,6.00,2.5300,-1.6833,-144.44,49.53,0.2652,0.5841,-4.4628
1,23.0900,swingup,-6.00,-2.5791,-1.3611,135.38,18.19,2.6505,-0.8714,-2.2476
2,23.0900,swingup,6.00,2.3415,-2.0603,-179.49,64.02,0.2724,-1.6850,-2.2029
1,23.1900,swingup,-6.00,-2.7141,-1.1974,114.48,56.00,2.4384,1.3268,4.9774
2,23.1900,swingup,6.00,2.1406,-1.5977,142.61,108.26,-1.2699,-1.7497,13.5660
1,23.2900,swingup,-6.00,-2.7934,-0.1708,91.19,107.14,2.7110,3.1283,8.9873
2,23.2900,swingup,6.00,2.0545,-0.6708,108.89,172.96,-2.7350,2.5712,8.5745
1,23.3900,swingup,-6.00,-2.7685,0.6481,85.27,156.79,1.1775,2.1119,6.4408
2,23.3900,swingup,6.00,2.0014,-0.6882,110.91,-139.50,2.5492,1.5163,-9.8572
1,23.4900,swingup,-6.00,-2.6785,1.1853,108.88,-156.27,0.2408,1.2359,0.7422
2,23.4900,swingup,6.00,1.9446,-0.3045,139.55,-97.40,0.4621,0.1905,-3.8464
1,23.5900,swingup,-6.00,-2.5789,0.3173,154.52,-136.00,1.8772,-0.7865,-20.9476
2,23.5900,swingup,6.00,1.9004,-0.5540,178.31,-78.93,0.1885,0.4144,0.5791
1,23.6900,swingup,-6.00,-2.6326,-1.6004,-159.69,-167.83,1.2082,-1.8032,-7.3459
2,23.6900,swingup,6.00,1.8490,-0.5445,-144.40,-95.67,0.5466,0.5874,-2.1832
1,23.7900,swingup,-6.00,-2.7738,-0.6236,-127.49,163.74,-1.4849,-1.9637,19.3740
2,23.7900,swingup,6.00,1.7616,-1.1686,-105.39,-140.72,-0.8995,-1.0629,8.1292
1,23.8900,swingup,-6.00,-2.7716,0.6305,-103.11,169.49,-2.6672,2.9906,8.5902
2,23.8900,swingup,6.00,1.6663,-0.7058,-88.39,-170.81,1.3983,2.0116,5.8674
1,23.9900,swingup,-6.00,-2.6968,0.7532,-90.34,-168.19,0.9859,-2.1078,0.3518
2,23.9900,swingup,6.00,1.6190,-0.2069,-89.14,167.90,-1.3003,2.9468,5.0410
1,24.0900,swingup,-6.00,-2.6220,0.7260,-93.70,-143.26,-1.8962,-1.7115,0.4360
2,24.0900,swingup,6.00,1.6216,0.3949,-103.33,153.34,3.0187,-1.5410,-3.0514
1,24.1900,swingup,-6.00,-2.5604,0.2489,-114.77,-113.10,1.1784,-0.5804,-5.2335
2,24.1900,swingup,6.00,1.6404,-0.0777,-128.80,148.72,0.8563,0.1905,-1.3666
1,24.2900,swingup,-6.00,-2.5672,-0.3786,-147.07,-87.79,0.5474,2.6729,-2.8223
2,24.2900,swingup,6.00,1.6396,0.4639,-166.32,166.58,-1.1360,-0.0158,20.5388
1,24.3900,swingup,-6.00,-2.6175,-0.5451,179.07,-88.13,0.3240,-2.4663,0.8377
2,24.3900,swingup,6.00,1.7499,1.1048,156.99,-153.72,1.1318,-1.3336,-16.1446
1,24.4900,swingup,-6.00,-2.6740,-0.7460,147.66,-118.50,1.4635,-1.1870,-9.1526
2,24.4900,swingup,6.00,1.7986,-0.1493,129.05,-143.37,1.5508,-0.5728,-10.2391
1,24.5900,swingup,-6.00,-2.7732,-0.5925,133.86,-173.63,0.9046,1.9289,-0.8120
2,24.5900,swingup,6.00,1.7540,-0.7114,105.51,-159.35,2.9790,2.0716,-4.0963
1,24.6900,swingup,-6.00,-2.8101,0.4753,158.97,113.54,-1.1944,1.0310,19.1829
2,24.6900,swingup,6.00,1.7085,-0.1776,96.06,176.89,-0.3395,2.3328,2.9666
1,24.7900,swingup,-6.00,-2.6667,2.4330,-174.35,63.05,-1.4708,-0.9284,11.7034
2,24.7900,swingup,6.00,1.7002,-0.0235,102.80,153.87,2.4582,1.9573,-1.8225
1,24.8900,swingup,-6.00,-2.3937,2.8350,-145.77,29.56,-1.4737,1.0648,0.4244
2,24.8900,swingup,6.00,1.7235,0.8449,127.82,124.93,-0.3000,0.8396,4.9679
1,24.9900,swingup,-6.00,-2.1154,2.6709,-122.38,-3.27,-2.6680,0.0906,-3.7613
2,24.9900,swingup,6.00,1.8353,1.3899,163.54,103.82,-0.1749,-1.5168,3.7709
1,25.0900,swingup,-6.00,-1.8751,1.9589,-102.95,-40.53,-3.0189,-0.4403,-9.9351
2,25.0900,swingup,6.00,1.9915,1.7407,-161.69,112.53,-0.3750,-2.2166,4.7835
1,25.1900,swingup,-6.00,-1.7305,0.7917,-85.57,-80.80,2.6885,-0.9616,-8.8574
2,25.1900,swingup,6.00,2.1941,2.5764,-133.21,153.31,-2.6022,-2.9208,16.3933
1,25.2900,swingup,-6.00,-1.6883,0.0560,-77.47,-121.48,0.0687,-0.6274,-5.8736
2,25.2900,swingup,6.00,2.4378,1.9725,-136.29,-138.31,1.9617,1.4747,-24.0249
1,25.3900,swingup,-6.00,-1.7106,-0.5222,-88.41,-161.15,2.5847,-0.5169,-2.1424
2,25.3900,swingup,6.00,2.5225,-0.4847,-162.15,-70.88,2.2093,-2.6973,-21.9599
1,25.4900,swingup,-6.00,-1.7809,-0.8386,-122.82,167.89,-1.4697,2.9422,8.1372
2,25.4900,swingup,6.00,2.3869,-2.2042,173.49,-18.05,1.7446,2.7212,-9.4775
1,25.5900,swingup,-6.00,-1.8043,1.0203,-173.49,179.51,-2.7933,0.0969,30.2122
2,25.5900,swingup,6.00,2.1455,-2.3420,144.29,34.55,0.6697,-2.9280,7.4661
1,25.6900,swingup,-6.00,-1.6509,1.1866,146.65,-154.15,0.2407,1.7393,-17.8183
2,25.6900,swingup,6.00,1.9706,-0.6237,104.48,102.76,-2.0056,2.0544,15.4650
1,25.7900,swingup,-6.00,-1.5991,-0.2444,113.85,-165.79,1.0994,1.2797,-15.9914
2,25.7900,swingup,6.00,1.9912,0.7372,81.41,174.62,-0.1085,-1.0267,5.9786
1,25.8900,swingup,-6.00,-1.6733,-1.0637,96.46,149.99,-0.6490,-2.9998,-4.9230
2,25.8900,swingup,6.00,2.0844,1.0459,109.43,-111.71,2.6976,0.9976,-5.9028
1,25.9900,swingup,-6.00,-1.7836,-0.8271,111.15,86.31,-2.3060,1.0788,4.1519
2,25.9900,swingup,6.00,2.2229,1.6348,177.17,-50.29,-0.3884,-0.3534,1.8459
1,26.0900,swingup,-6.00,-1.8518,-0.9338,124.43,34.36,0.9742,-1.1112,-4.7459
2,26.0900,swingup,6.00,2.4080,2.0137,-119.85,-61.46,-1.6119,-1.6982,-0.7905
1,26.1900,swingup,-6.00,-1.9535,-1.0141,127.11,-5.11,0.2645,-0.5582,1.6548
2,26.1900,swingup,6.00,2.5313,0.1829,-54.75,-124.70,2.6950,-2.2204,4.0677
1,26.2900,swingup,-6.00,-2.0482,-0.8747,128.63,-46.89,0.4397,-1.3856,1.6998
2,26.2900,swingup,6.00,2.5457,-0.0167,-14.65,-159.48,0.0404,1.0432,-4.3428
1,26.3900,swingup,-6.00,-2.1435,-1.2368,136.70,-90.50,2.2771,-1.3781,-10.5873
2,26.3900,swingup,6.00,2.5266,-0.3297,22.78,171.34,0.5800,1.0235,-1.0739
1,26.4900,swingup,-6.00,-2.2967,-1.0393,159.76,-140.59,0.8058,2.5784,-2.2155
2,26.4900,swingup,6.00,2.4979,-0.1181,67.74,133.09,3.0340,-2.3655,1.6272
1,26.5900,swingup,-6.00,-2.3885,-0.2453,-145.86,147.49,1.7325,-2.5354,-12.3848
2,26.5900,swingup,6.00,2.5142,0.5808,137.38,68.14,-1.7193,-0.9175,3.5058
1,26.6900,swingup,-6.00,-2.4091,0.2101,-111.92,117.03,-0.8111,-2.9010,10.0108
2,26.6900,swingup,6.00,2.6025,0.7442,-156.53,68.50,-0.0136,0.4047,-11.3866
1,26.7900,swingup,-6.00,-2.3643,0.6251,-81.78,111.72,-1.4125,0.1418,3.2756
2,26.7900,swingup,6.00,2.6222,-0.2756,-94.10,136.46,1.8140,1.3082,-9.1240
1,26.8900,swingup,-6.00,-2.3028,0.5166,-58.96,113.90,-3.0064,0.4243,-3.7295
2,26.8900,swingup,6.00,2.5685,-0.7861,-79.27,-150.00,-1.7287,-0.3661,-7.4028
1,26.9900,swingup,-6.00,-2.2312,1.0757,-47.19,115.94,0.9912,0.3453,3.0462
2,26.9900,swingup,6.00,2.4515,-1.7168,-113.04,-70.87,-0.2354,0.5170,2.0573
1,27.0900,swingup,-6.00,-2.1177,1.0789,-45.46,119.90,-0.0706,1.0543,-4.5234
2,27.0900,swingup,6.00,2.2540,-2.0591,-136.18,-11.57,-2.5750,-3.0920,21.7660
1,27.1900,swingup,-6.00,-2.0282,0.6264,-47.18,128.45,-0.4828,1.7766,-7.2509
2,27.1900,swingup,6.00,2.1162,-0.8087,-140.85,40.76,-0.0627,2.9898,5.9089
1,27.2900,swingup,-6.00,-1.9924,0.0043,-52.02,138.67,-1.2316,1.6135,-8.7314
2,27.2900,swingup,6.00,2.0739,0.2126,-145.12,92.69,-1.4854,2.8051,16.4142
1,27.3900,swingup,-6.00,-2.0244,-0.7170,-63.10,144.70,-2.5878,0.5342,-7.7576
2,27.3900,swingup,6.00,2.1855,1.8220,-160.67,155.35,1.1308,0.8248,-20.6031
1,27.4900,swingup,-6.00,-2.1046,-0.6037,-83.06,148.07,2.1021,1.2599,4.7577
2,27.4900,swingup,6.00,2.3690,1.1599,163.84,-122.82,2.2778,-1.7813,-35.7389
1,27.5900,swingup,-6.00,-2.1578,-0.5352,-112.19,162.77,0.2888,-2.3853,1.7178
2,27.5900,swingup,6.00,2.3565,-1.2344,139.48,-78.06,1.6635,-0.3509,-11.8365
1,27.6900,swingup,-6.00,-2.1878,-0.1092,-159.11,-152.37,1.7921,-0.9010,-24.0065
2,27.6900,swingup,6.00,2.2054,-1.6644,114.22,-49.77,2.4361,-1.5076,-1.3545
1,27.7900,swingup,-6.00,-2.3132,-2.3585,140.97,-122.49,2.0548,-0.9445,-11.0279
2,27.7900,swingup,6.00,2.0502,-1.2050,96.73,-22.36,-2.5442,-1.8539,6.8060
1,27.8900,swingup,-6.00,-2.5455,-1.8806,85.06,-161.59,-1.8028,2.7281,8.9379
2,27.8900,swingup,6.00,1.9521,-0.7796,85.52,1.00,-1.4522,-2.4194,2.7232
1,27.9900,swingup,-6.00,-2.6850,-0.8060,57.54,141.60,-2.2470,-3.0053,1.3089
2,27.9900,swingup,6.00,1.8842,-0.5702,81.16,22.01,-0.1572,-2.7757,2.1588
1,28.0900,swingup,-6.00,-2.7427,-0.0824,59.75,89.68,2.0662,-2.7413,11.0764
2,28.0900,swingup,6.00,1.8364,-0.3579,84.98,41.11,1.3647,-3.0532,2.3420
1,28.1900,swingup,-6.00,-2.7020,0.8612,76.47,37.47,2.8448,-2.3263,4.4241
2,28.1900,swingup,6.00,1.8102,-0.1691,97.50,60.38,2.7882,-2.6237,-0.4527
1,28.2900,swingup,-6.00,-2.5994,1.1065,88.77,-7.64,1.6713,-1.2702,-0.5414
2,28.2900,swingup,6.00,1.8017,0.3043,116.65,85.74,-2.3177,-1.3767,10.4348
1,28.3900,swingup,-6.00,-2.4948,0.9238,95.72,-52.60,0.8493,-2.0807,-1.5137
2,28.3900,swingup,6.00,1.8858,1.4902,143.84,119.69,-1.1050,0.8658,8.5719
1,28.4900,swingup,-6.00,-2.4186,0.5485,102.03,-103.72,2.0965,-2.5187,-2.4979
2,28.4900,swingup,6.00,2.0845,2.5392,173.66,172.15,-0.9846,-2.1014,5.1205
1,28.5900,swingup,-6.00,-2.3572,0.8731,129.20,-152.24,0.8673,-2.9514,-5.8565
2,28.5900,swingup,6.00,2.3345,2.0528,-152.69,-134.07,-0.1514,1.4147,-9.3291
1,28.6900,swingup,-6.00,-2.2747,1.3326,-169.79,131.22,-2.5656,1.8614,34.6182
2,28.6900,swingup,6.00,2.4892,1.0188,-119.31,-100.99,-0.8583,-1.7624,-5.0234
1,28.7900,swingup,-6.00,-2.0346,2.8591,-111.70,112.91,-1.7619,2.2836,-2.7347
2,28.7900,swingup,6.00,2.5587,0.3298,-92.67,-79.59,-2.3439,-2.9444,-5.2564
1,28.8900,swingup,-6.00,-1.8090,1.3650,-48.77,148.05,-1.4322,1.8508,-12.7805
2,28.8900,swingup,6.00,2.5693,-0.0451,-75.34,-61.36,2.2853,3.0793,-0.8402
1,28.9900,swingup,-6.00,-1.7333,0.2970,19.97,-157.59,0.1497,-2.2388,-4.2379
2,28.9900,swingup,6.00,2.5617,-0.1001,-67.53,-43.82,0.6032,3.1015,-0.8583
1,29.0900,swingup,-6.00,-1.6940,0.6526,95.32,-100.94,0.8371,2.2348,-7.6180
2,29.0900,swingup,6.00,2.5480,-0.1988,-69.23,-24.98,-1.0000,-2.8143,-1.5635
1,29.1900,swingup,-6.00,-1.6149,1.0184,165.79,-87.09,-1.3187,2.5711,5.4539
2,29.1900,swingup,6.00,2.5228,-0.3037,-79.23,-4.37,-2.3204,-2.6718,-0.3191
1,29.2900,swingup,-6.00,-1.5355,-0.6928,-121.08,-155.62,-0.7265,-2.8307,-0.8498
2,29.2900,swingup,6.00,2.4930,-0.2645,-96.77,14.36,2.5336,2.7899,0.5538
1,29.3900,swingup,-6.00,-1.6455,-1.3239,-87.91,143.93,2.5655,2.7960,-0.8258
2,29.3900,swingup,6.00,2.4597,-0.4593,-125.45,24.32,-0.0013,0.5287,2.2069
1,29.4900,swingup,-6.00,-1.7680,-1.0196,-91.54,79.44,-2.3907,0.5882,-0.5756
2,29.4900,swingup,6.00,2.4303,0.1944,-168.34,16.35,-1.2295,-2.1907,11.5669
1,29.5900,swingup,-6.00,-1.8521,-0.7000,-99.95,18.88,-0.3532,3.1396,-0.0142
2,29.5900,swingup,6.00,2.4708,0.3211,155.09,12.24,0.6917,1.0476,-8.8750
1,29.6900,swingup,-6.00,-1.9215,-0.7271,-95.07,-33.43,1.8283,3.1212,0.0974
2,29.6900,swingup,6.00,2.4671,-0.4552,126.04,33.24,1.3585,-0.5653,-7.2529
1,29.7900,swingup,-6.00,-2.0054,-1.1111,-77.78,-96.93,2.9586,0.8371,6.4898
2,29.7900,swingup,6.00,2.4118,-0.4170,93.18,81.03,-0.4800,-1.8324,-0.3500
1,29.8900,swingup,-6.00,-2.1107,-1.0261,-81.56,-153.14,2.7954,-2.4758,7.7224
2,29.8900,swingup,6.00,2.3987,-0.0041,66.20,137.16,-2.0967,2.1000,-8.6224
1,29.9900,swingup,-6.00,-2.1968,-0.6236,-118.25,170.23,-2.0270,2.7661,15.7021
2,29.9900,swingup,6.00,2.3804,-0.1608,71.33,-175.67,-3.0483,2.4967,-9.2529
1,30.0900,swingup,-6.00,-2.2076,-0.3207,-176.57,-175.78,-0.2972,0.3840,7.5698
2,30.0900,swingup,6.00,2.3428,-0.4606,105.55,-129.14,1.4497,0.6859,-5.2793
1,30.1900,swingup,-6.00,-2.2571,-1.1413,122.22,-169.01,-2.9115,1.6506,24.6617
2,30.1900,swingup,6.00,2.2708,-1.2086,150.95,-112.58,1.1534,-0.9601,-11.0247
1,30.2900,swingup,-6.00,-2.3056,-0.1307,86.85,150.13,2.5372,-2.4387,2.9347
2,30.2900,swingup,6.00,2.1092,-2.3052,-165.87,-143.15,1.8201,-2.8150,-17.5347
1,30.3900,swingup,-6.00,-2.3080,0.1272,84.17,92.31,2.0950,1.2252,-0.3887
2,30.3900,swingup,6.00,1.8354,-2.2540,-129.29,168.04,-1.6883,0.8829,26.7086
1,30.4900,swingup,-6.00,-2.2813,0.2566,95.57,33.23,0.9610,-2.4690,-4.3843
2,30.4900,swingup,6.00,1.7059,-0.3169,-105.79,157.78,-2.4709,0.7195,15.3166
1,30.5900,swingup,-6.00,-2.2694,-0.0437,96.20,-11.78,-0.3811,-1.2488,-2.6369
2,30.5900,swingup,6.00,1.7188,0.4710,-88.66,172.38,2.0640,-2.8169,5.6679
1,30.6900,swingup,-6.00,-2.2853,-0.2976,91.48,-57.19,-1.1962,-2.2533,-0.8895
2,30.6900,swingup,6.00,1.7868,0.8760,-85.23,-164.82,-0.6715,-2.0379,2.0178
1,30.7900,swingup,-6.00,-2.3294,-0.6259,85.06,-110.57,-0.3339,-3.1094,1.4398
2,30.7900,swingup,6.00,1.8797,0.9388,-98.61,-138.06,2.4739,-0.9950,-3.2732
1,30.8900,swingup,-6.00,-2.3928,-0.5112,98.09,-157.60,-1.8179,-1.2947,5.6178
2,30.8900,swingup,6.00,1.9478,0.4032,-130.74,-103.66,-0.0802,-0.6570,1.1686
1,30.9900,swingup,-6.00,-2.4215,0.3429,143.37,145.94,-0.4618,-0.9946,5.8389
2,30.9900,swingup,6.00,1.9733,0.0677,-165.48,-87.13,0.2021,0.5809,-1.4402
1,31.0900,swingup,-6.00,-2.3073,2.1653,-153.19,103.95,-1.5892,-0.9583,10.4702
2,31.0900,swingup,6.00,1.9760,0.0017,159.66,-101.44,0.4160,1.2932,-2.7974
1,31.1900,swingup,-6.00,-2.1012,1.5708,-89.00,138.06,-2.0999,-2.3876,-9.3976
2,31.1900,swingup,6.00,1.9547,-0.6951,132.19,-145.49,2.8669,2.7286,-15.5267
1,31.2900,swingup,-6.00,-1.9863,0.7174,-46.20,-157.40,-1.6867,-1.6160,-15.4746
2,31.2900,swingup,6.00,1.9231,0.0677,137.56,150.15,-1.5784,-0.7810,21.5160
1,31.3900,swingup,-6.00,-1.9510,0.1113,-36.87,-102.04,-0.5915,2.7674,-7.6260
2,31.3900,swingup,6.00,2.0135,1.9283,167.29,84.46,-1.8228,-2.7054,18.9400
1,31.4900,swingup,-6.00,-1.9765,-0.6206,-49.76,-49.43,2.8786,-2.9397,3.6842
2,31.4900,swingup,6.00,2.2772,3.1896,-165.88,42.44,-1.3700,0.1428,3.4601
1,31.5900,swingup,-6.00,-2.0403,-0.6720,-67.49,0.25,-2.4565,1.5039,1.5310
2,31.5900,swingup,6.00,2.5975,3.1246,-139.66,10.03,-2.2524,0.4434,-1.8896
1,31.6900,swingup,-6.00,-2.0971,-0.3585,-78.95,42.95,-1.7474,1.1408,4.9940
2,31.6900,swingup,6.00,2.8912,2.5753,-119.50,-25.83,-3.0694,-0.1775,-9.5040
1,31.7900,swingup,-6.00,-2.1059,0.2841,-88.80,87.84,-1.9453,1.9075,5.6731
2,31.7900,swingup,6.00,3.0628,0.5684,-106.67,-57.89,1.1324,1.6539,-18.0167
1,31.8900,swingup,-6.00,-2.0512,0.6640,-108.91,133.94,1.0543,1.7116,-0.1383
2,31.8900,swingup,6.00,3.0559,-0.6715,-108.13,-80.40,-1.3067,2.6719,-7.1131
1,31.9900,swingup,-6.00,-1.9721,0.6866,-158.38,-159.89,-0.8642,-1.7904,13.1452
2,31.9900,swingup,6.00,2.9692,-0.9113,-120.38,-103.05,-2.5504,1.7725,5.9204
1,32.0900,swingup,-6.00,-1.9610,-1.1054,140.98,-104.76,2.3060,-3.0844,-12.3996
2,32.0900,swingup,6.00,2.9022,-0.2659,-134.73,-133.87,-2.4165,0.4027,12.7377
1,32.1900,swingup,-6.00,-2.0620,-0.4106,77.11,-120.71,1.0884,-0.0496,8.2352
2,32.1900,swingup,6.00,2.9241,0.9290,-149.08,-164.93,-2.5771,1.6659,17.3210
1,32.2900,swingup,-6.00,-2.0392,0.8580,9.54,-164.93,0.4101,-1.7253,4.9619
2,32.2900,swingup,6.00,3.0801,2.1866,-163.27,176.26,-2.4268,-2.2765,10.5868
1,32.3900,swingup,-6.00,-1.9370,1.1120,-58.16,163.65,1.4519,-2.0238,7.9865
2,32.3900,swingup,6.00,3.3374,2.9432,-176.19,168.79,-2.1313,-0.6334,4.4931
1,32.4900,swingup,-6.00,-1.8259,0.9115,-121.82,-173.85,-0.1843,3.0209,5.8380
2,32.4900,swingup,6.00,3.6450,3.1488,171.88,168.14,-2.0676,0.1825,-0.9184
1,32.5900,swingup,-6.00,-1.7593,0.6935,155.80,-116.12,1.1757,2.5415,-6.8385
2,32.5900,swingup,6.00,3.9513,2.8657,160.05,169.12,-2.0639,-0.0065,-6.5041
1,32.6900,swingup,-6.00,-1.6852,1.0887,91.97,-143.70,2.1508,2.9643,6.2781
2,32.6900,swingup,6.00,4.2067,2.0816,148.31,165.57,-2.0222,-1.2646,-12.0217
1,32.7900,swingup,-6.00,-1.5441,1.7328,50.61,151.31,2.2727,1.1470,12.6273
2,32.7900,swingup,6.00,4.3628,0.8569,137.31,152.31,-1.7969,3.0579,-14.7298
1,32.8900,swingup,-6.00,-1.3556,2.0669,49.71,88.14,2.7800,1.1544,5.0976
2,32.8900,swingup,6.00,4.3908,-0.4367,128.51,129.02,-1.3999,1.7905,-15.8996
1,32.9900,swingup,-6.00,-1.1392,2.1837,74.97,19.37,-2.8453,2.2042,-7.2469
2,32.9900,swingup,6.00,4.2958,-1.5004,120.12,105.18,-1.5434,2.6628,-11.1207
1,33.0900,swingup,-6.00,-0.9394,1.6768,86.61,-32.66,1.2244,-2.4116,-7.8987
2,33.0900,swingup,6.00,4.1102,-2.2452,111.57,89.57,-1.3405,-2.0120,-7.6169
1,33.1900,swingup,-6.00,-0.8127,0.6987,90.82,-84.78,0.6564,3.0306,-9.2754
2,33.1900,swingup,6.00,3.8627,-2.7072,106.66,81.94,-0.3640,-0.8593,-4.1916
1,33.2900,swingup,-6.00,-0.7932,-0.2854,104.09,-138.29,-2.0090,-2.8837,-3.7130
2,33.2900,swingup,6.00,3.5801,-2.9381,108.86,79.51,1.0182,-0.0818,-2.4094
1,33.3900,swingup,-6.00,-0.8472,-0.5914,150.75,150.33,0.5804,0.9300,-16.9183
2,33.3900,swingup,6.00,3.2787,-3.1232,118.67,82.25,2.1907,1.0602,-3.8466
1,33.4900,swingup,-6.00,-0.9091,-0.9757,-161.19,86.45,-1.2170,-1.0107,3.9212
2,33.4900,swingup,6.00,2.9533,-3.4225,132.69,94.50,2.5086,3.1409,-4.2822
1,33.5900,swingup,-6.00,-0.9909,-0.7212,-135.36,53.47,-2.1765,1.3462,0.4098
2,33.5900,swingup,6.00,2.5932,-3.7279,144.73,120.94,1.7503,-0.5058,-1.0659
1,33.6900,swingup,-6.00,-1.0833,-1.6984,-117.52,26.52,2.1190,2.1914,-19.0552
2,33.6900,swingup,6.00,2.2277,-3.5789,154.73,159.46,2.0095,0.7830,-3.5081
1,33.7900,swingup,-6.00,-1.3168,-2.9242,-111.36,8.50,0.2400,-2.5697,-7.7960
2,33.7900,swingup,6.00,1.8461,-4.3123,169.31,-165.95,2.7917,-1.4557,-11.6127
1,33.8900,swingup,-6.00,-1.6342,-3.3539,-115.84,-5.12,-1.5969,-2.4667,-0.1263
2,33.8900,swingup,6.00,1.3742,-5.0013,-174.51,-146.81,3.0017,2.2312,-2.3602
1,33.9900,swingup,-6.00,-1.9638,-3.1051,-129.38,-23.95,-2.7905,2.0433,7.8481
2,33.9900,swingup,6.00,0.8941,-3.3617,-150.90,-141.75,0.6401,-0.5833,27.0135
1,34.0900,swingup,-6.00,-2.2366,-2.2496,-142.86,-57.73,-1.5530,-0.9616,6.6974
2,34.0900,swingup,6.00,0.6348,-1.5778,-109.45,-140.59,0.0152,2.5862,30.4318
1,34.1900,swingup,-6.00,-2.4560,-2.4501,-144.23,-108.01,0.7371,2.3664,-9.3869
2,34.1900,swingup,6.00,0.5799,0.5499,-87.79,-104.12,1.4166,2.6129,22.2627
1,34.2900,swingup,-6.00,-2.7535,-3.1939,-142.08,-172.57,-1.2150,2.2326,20.1285
2,34.2900,swingup,6.00,0.6939,1.7530,-86.99,-51.98,0.2516,1.6220,13.0760
1,34.3900,swingup,-6.00,-2.9618,-0.5012,-154.27,149.46,-1.8262,2.3898,25.8564
2,34.3900,swingup,6.00,0.9074,2.5041,-83.44,-16.10,0.6339,-0.9752,5.2481
1,34.4900,swingup,-6.00,-2.9273,1.0831,-160.76,138.56,-0.7592,-0.5944,9.2511
2,34.4900,swingup,6.00,1.1725,2.7474,-81.97,12.06,-0.0982,-1.4497,-0.0211
1,34.5900,swingup,-6.00,-2.7855,1.7678,-164.56,142.50,-0.6750,1.7028,6.2449
2,34.5900,swingup,6.00,1.4443,2.6385,-84.50,41.88,-0.6359,-0.6020,-3.0293
1,34.6900,swingup,-6.00,-2.5814,2.4004,-169.33,159.57,-1.0010,-2.2277,7.8917
2,34.6900,swingup,6.00,1.6986,2.4364,-88.35,79.81,-0.7375,1.1242,-4.3958
1,34.7900,swingup,-6.00,-2.3076,3.0828,-175.37,-171.06,-0.9197,-0.6999,2.8901
2,34.7900,swingup,6.00,1.9352,2.2823,-99.30,121.94,2.8870,0.6246,-9.2457
1,34.8900,swingup,-6.00,-2.0038,2.7930,-178.77,-143.51,-0.4573,-2.3771,-6.6590
2,34.8900,swingup,6.00,2.1270,1.6675,-132.52,162.81,-1.6177,2.5794,11.3271
1,34.9900,swingup,-6.00,-1.7536,2.1831,178.18,-127.94,-0.6140,1.7682,-4.9969
2,34.9900,swingup,6.00,2.2802,0.7059,164.96,-128.86,2.4417,1.6749,-31.2110
1,35.0900,swingup,-6.00,-1.5560,1.7376,174.06,-124.26,-0.7985,-0.2770,-4.2764
2,35.0900,swingup,6.00,2.2665,-0.3827,104.36,-126.72,1.5708,1.0524,1.8985
1,35.1900,swingup,-6.00,-1.4015,1.2939,169.33,-132.50,-0.8016,-2.4209,-5.4673
2,35.1900,swingup,6.00,2.2770,0.6660,46.01,-177.65,-2.7180,1.9194,-6.0046
1,35.2900,swingup,-6.00,-1.2989,0.6324,165.80,-154.09,-0.3873,1.3162,-9.6458
2,35.2900,swingup,6.00,2.3402,0.9295,11.47,120.55,2.4422,2.6333,9.8672
1,35.3900,swingup,-6.00,-1.2823,-0.4388,165.29,168.17,-0.0298,-1.3790,-10.3776
2,35.3900,swingup,6.00,2.4487,1.0776,2.11,69.58,0.1296,-2.0007,0.6036
1,35.4900,swingup,-6.00,-1.3436,-0.5100,161.66,128.08,-1.0245,0.3437,5.3067
2,35.4900,swingup,6.00,2.5582,1.0710,11.51,21.65,2.7952,-2.4954,-1.9335
1,35.5900,swingup,-6.00,-1.3687,0.0219,155.74,101.42,-0.9448,2.5816,3.2384
2,35.5900,lqr,6.00,2.8025,5.0333,8.50,-29.99,1.0022,-2.7953,50.0000
1,35.6900,swingup,-6.00,-1.3526,0.3026,151.89,85.90,-0.3801,-1.9476,1.6909
2,35.6900,lqr,6.00,3.5087,8.6913,-65.15,-56.34,1.0164,0.0377,-12.0838
1,35.7900,swingup,-6.00,-1.3152,0.4150,152.19,79.84,0.3771,-0.3069,-0.8565
2,35.7900,lqr,6.00,4.1916,3.8160,-156.26,-100.62,-2.5327,2.8283,-50.0000
1,35.8900,swingup,-6.00,-1.2785,0.2864,155.62,83.95,0.7102,1.5878,-1.9367
2,35.8900,lqr,6.00,4.4944,2.9934,156.68,107.15,-0.7851,-3.1205,50.0000
1,35.9900,swingup,-6.00,-1.2538,0.2341,159.79,99.33,0.6835,-2.6808,-0.1771
2,35.9900,lqr,6.00,5.0211,6.9643,48.23,63.86,-2.2801,-0.0833,-50.0000
1,36.0900,swingup,-6.00,-1.2245,0.4540,162.23,127.10,0.1894,-0.3545,4.4012
2,36.0900,lqr,6.00,5.5519,2.6735,-12.46,-4.86,-1.7888,1.0236,-50.0000
1,36.1900,swingup,-6.00,-1.1530,0.9954,162.95,167.99,0.3608,1.4048,-0.6204
2,36.1900,lqr,6.00,5.8219,4.5316,-45.11,-87.98,-1.1633,-2.2036,50.0000
1,36.2900,swingup,-6.00,-1.0744,0.2482,168.78,-154.85,1.3159,-1.1730,-12.8331
2,36.2900,lqr,6.00,6.2730,2.1013,-155.81,-101.66,-0.7423,-3.1096,-15.6031
1,36.3900,swingup,-6.00,-1.0982,-0.7056,175.94,-134.52,1.1899,2.4108,-6.4456
2,36.3900,lqr,6.00,6.4438,1.9318,151.09,105.53,-2.4014,-2.7081,50.0000
1,36.4900,swingup,-6.00,-1.1926,-1.1679,-177.71,-127.47,1.0637,0.3116,-2.8599
2,36.4900,lqr,6.00,6.8880,7.8851,44.41,32.43,-0.0174,0.2454,-41.0811
1,36.5900,swingup,-6.00,-1.3207,-1.4011,-171.54,-131.79,1.1105,-1.6147,-1.8011
2,36.5900,lqr,6.00,7.5263,3.5329,-51.75,-20.12,-1.0048,0.8863,-50.0000
1,36.6900,swingup,-6.00,-1.4700,-1.5955,-164.78,-146.79,1.2374,2.9033,-0.5752
2,36.6900,lqr,6.00,7.8312,3.9462,-89.01,-122.14,0.3216,0.2572,50.0000
1,36.7900,swingup,-6.00,-1.6328,-1.5804,-158.34,-168.64,0.9097,2.4782,4.8122
2,36.7900,lqr,6.00,8.3192,5.0473,176.42,-151.67,-3.1258,-1.8967,50.0000
1,36.8900,swingup,-6.00,-1.7650,-0.9045,-154.86,174.35,0.4159,-2.0913,9.9178
2,36.8900,lqr,6.00,8.9257,5.0373,131.30,115.25,-0.9490,0.4169,-50.0000
1,36.9900,swingup,-6.00,-1.8144,0.0022,-153.12,169.41,0.2254,0.1492,9.6823
2,36.9900,lqr,6.00,9.5033,6.9967,67.49,45.43,-1.0762,-0.7142,0.9318
1,37.0900,swingup,-6.00,-1.7746,0.8861,-152.64,177.33,-0.0639,2.3945,10.1521
2,37.0900,lqr,6.00,10.1378,4.5989,-5.55,18.75,-2.1889,-0.5536,-50.0000
1,37.1900,swingup,-6.00,-1.6443,1.8098,-154.13,-162.45,-0.3637,-1.9864,9.9478
2,37.1900,lqr,6.00,10.4572,3.7966,-32.74,-26.93,0.7693,-2.5056,50.0000
1,37.2900,swingup,-6.00,-1.4332,2.3389,-155.30,-137.63,-0.0227,-2.3174,2.1359
2,37.2900,lqr,6.00,10.9323,3.3236,-76.85,-80.62,-1.1963,3.0969,-50.0000
1,37.3900,swingup,-6.00,-1.1988,2.3110,-155.00,-119.85,0.0434,2.3663,-0.2254
2,37.3900,lqr,6.00,11.0881,1.6150,-125.92,-131.61,2.8467,-1.0416,50.0000
1,37.4900,swingup,-6.00,-0.9705,2.2657,-155.30,-111.51,-0.1399,0.7067,0.5726
2,37.4900,lqr,6.00,11.4191,5.6760,-168.96,-169.76,2.0642,-0.4867,50.0000
1,37.5900,swingup,-6.00,-0.7430,2.2900,-156.61,-112.78,-0.2856,-0.9900,0.7183
2,37.5900,lqr,6.00,11.9986,3.6755,162.49,155.46,3.0928,1.4059,-50.0000
1,37.6900,swingup,-6.00,-0.5141,2.2669,-158.39,-123.93,-0.3128,-2.7329,-0.4145
2,37.6900,lqr,6.00,12.1901,0.0677,98.26,117.00,-3.1272,1.2211,-50.0000
1,37.7900,swingup,-6.00,-0.2936,2.1094,-160.11,-144.95,-0.3111,1.9060,-1.0448
2,37.7900,lqr,6.00,12.1682,1.6820,58.65,33.82,-1.8703,-1.8046,50.0000
1,37.8900,swingup,-6.00,-0.0876,2.0870,-162.98,-172.23,-0.7401,1.5519,4.1111
2,37.8900,lqr,6.00,12.5208,3.9292,-23.98,-18.70,1.4588,2.1094,-50.0000
1,37.9900,swingup,-6.00,0.1427,2.6397,-168.82,165.31,-1.1758,-3.0927,6.1004
2,37.9900,lqr,6.00,12.6719,-0.9347,-93.93,-62.39,2.7182,2.3363,-50.0000
1,38.0900,swingup,-6.00,0.4330,3.2075,-176.07,153.71,-1.2844,-1.1784,4.7495
2,38.0900,lqr,6.00,12.3888,-4.4939,-144.93,-139.16,-1.6721,1.8110,0.3954
1,38.1900,swingup,-6.00,0.7716,3.5607,176.45,152.30,-1.3333,0.4698,2.2514
2,38.1900,lqr,6.00,11.9722,-5.5672,155.43,141.47,1.6965,-1.4226,29.8063
1,38.2900,swingup,-6.00,1.1360,3.7058,168.61,159.07,-1.3826,1.6599,-0.3375
2,38.2900,lqr,6.00,11.3814,-7.0477,68.82,84.34,2.7557,1.2520,-50.0000
1,38.3900,swingup,-6.00,1.5024,3.5372,161.00,169.56,-1.2529,1.7554,-4.9532
2,38.3900,lqr,6.00,10.7620,-3.5852,3.67,-15.29,-0.3650,1.0449,35.6561
1,38.4900,swingup,-6.00,1.8321,2.9303,154.49,176.31,-1.0451,0.5575,-8.9396
2,38.4900,lqr,6.00,10.4220,-5.0614,-109.60,-92.70,-0.6147,1.2430,-25.5160
1,38.5900,swingup,-6.00,2.0866,2.0373,149.10,173.84,-0.8473,-1.2939,-11.1890
2,38.5900,lqr,6.00,9.8934,-6.1351,153.88,154.87,-1.0658,-1.8983,-29.5425
1,38.6900,swingup,-6.00,2.2438,0.9811,145.11,160.18,-0.5675,3.0454,-12.5893
2,38.6900,lqr,6.00,9.3068,-4.3030,52.94,32.92,-2.3208,-1.2213,50.0000
1,38.7900,swingup,-6.00,2.2950,-0.0139,142.19,138.18,-0.5611,2.2693,-9.9746
2,38.7900,lqr,6.00,8.9930,-5.1585,-81.96,-63.31,1.0872,1.9736,-50.0000
1,38.8900,swingup,-6.00,2.2637,-0.6077,137.90,118.08,-0.8816,-2.9260,-5.9427
2,38.8900,lqr,6.00,8.3792,-6.4875,168.77,172.29,-1.6960,1.3854,-50.0000
1,38.9900,swingup,-6.00,2.1824,-1.0999,132.34,106.34,-1.0517,-1.2930,-7.4295
2,38.9900,lqr,6.00,7.7327,-4.9636,58.10,37.05,-0.9713,1.5136,6.0739
1,39.0900,swingup,-6.00,2.0455,-1.7012,126.13,104.20,-1.0566,0.3425,-7.9091
2,39.0900,lqr,6.00,7.3389,-5.4191,-78.11,-76.85,-2.7097,0.5005,35.1566
1,39.1900,swingup,-6.00,1.8449,-2.4096,120.70,110.44,-0.8245,1.6166,-10.0261
2,39.1900,lqr,6.00,6.7503,-5.5484,147.60,165.04,2.1799,-2.6713,-10.0523
1,39.2900,swingup,-6.00,1.5671,-3.2437,117.93,121.36,-0.1037,1.9595,-10.8492
2,39.2900,lqr,6.00,6.3135,-1.9544,30.38,27.80,3.0428,-0.0956,47.3401
1,39.3900,swingup,-6.00,1.2050,-4.0887,121.12,130.92,1.1236,1.3367,-11.4250
2,39.3900,lqr,6.00,6.0878,-3.7977,-89.88,-111.65,-2.2292,1.3472,50.0000
1,39.4900,swingup,-6.00,0.7522,-5.1030,130.68,135.74,1.9901,0.4759,-13.2249
2,39.4900,lqr,6.00,5.7147,-2.5409,137.99,130.49,-1.0918,-0.0841,-47.4405
1,39.5900,swingup,-6.00,0.1968,-6.0218,142.58,137.70,2.0817,0.3940,-7.6701
2,39.5900,lqr,6.00,5.5995,-0.0955,8.20,28.23,2.0135,2.2290,-50.0000
1,39.6900,swingup,-6.00,-0.4255,-6.3735,154.71,141.98,2.1726,1.1173,-1.7668
2,39.6900,lqr,6.00,5.5231,-0.7558,-94.55,-103.36,0.1997,-1.4975,50.0000
1,39.7900,swingup,-6.00,-1.0648,-6.3870,167.42,151.88,2.2108,2.2737,0.6047
2,39.7900,lqr,6.00,5.4167,-0.9023,148.33,129.75,1.7557,-2.2469,50.0000
1,39.8900,swingup,-6.00,-1.6957,-6.2251,179.87,168.93,2.0595,-2.7522,2.3066
2,39.8900,lqr,6.00,5.4768,1.3454,18.70,37.36,0.2321,-2.9642,15.2517
1,39.9900,swingup,-6.00,-2.3039,-5.8764,-168.23,-168.26,2.1696,-2.0911,4.5747
2,39.9900,lqr,6.00,5.6234,1.1842,-89.16,-88.46,-1.1826,1.0357,3.0216
1,40.0900,swingup,-6.00,-2.8744,-5.4921,-154.45,-145.40,2.6293,-2.6259,5.7531
2,40.0900,lqr,6.00,5.6112,-0.6360,156.22,134.51,-1.8258,-0.1215,-32.2125
1,40.1900,swingup,-6.00,-3.3858,-3.6998,-134.86,-128.75,-0.9846,1.9778,45.6529
2,40.1900,lqr,6.00,5.6559,1.1459,22.96,28.80,-2.9289,2.2089,-50.0000
1,40.2900,swingup,-6.00,-3.6249,-1.0592,-99.79,-116.13,-0.7975,-2.8122,30.2936
2,40.2900,lqr,6.00,5.7337,-1.3749,-103.75,-83.38,-0.7306,-2.0897,50.0000
1,40.3900,swingup,-6.00,-3.6365,0.9607,-80.30,-84.77,1.6799,0.3458,23.8562
2,40.3900,lqr,6.00,5.4890,-2.8471,135.92,127.57,2.5663,-2.9750,50.0000
1,40.4900,swingup,-6.00,-3.4663,2.5085,-77.08,-49.02,0.0700,-0.9401,15.5612
2,40.4900,lqr,6.00,5.4076,0.0707,13.31,-2.76,0.4768,-2.3652,50.0000
1,40.5900,swingup,-6.00,-3.1630,3.5857,-79.43,-25.62,-0.9094,-3.0728,8.9994
2,40.5900,lqr,6.00,5.4343,-2.2171,-129.26,-125.07,-0.5323,0.2420,50.0000
1,40.6900,swingup,-6.00,-2.7743,4.1770,-89.23,-11.56,-2.4108,1.8752,4.6610
2,40.6900,lqr,6.00,5.1932,-1.7987,86.16,98.23,1.8536,-1.3452,-24.7210
1,40.7900,swingup,-6.00,-2.3443,4.2893,-108.61,-5.58,2.0151,0.3609,-2.6848
2,40.7900,lqr,6.00,5.1637,-0.3150,-56.85,-44.98,-2.0140,-2.8102,50.0000
1,40.8900,swingup,-6.00,-1.9333,3.9576,-141.16,-12.00,-0.6510,-2.9680,4.1585
2,40.8900,lqr,6.00,4.9136,-3.8487,160.77,166.72,1.5099,-1.0538,-50.0000
1,40.9900,swingup,-6.00,-1.5111,4.6509,176.05,-48.87,-0.7876,-2.6706,2.8788
2,40.9900,lqr,6.00,4.6378,0.6359,14.64,15.49,-0.8853,-0.7689,4.7984
1,41.0900,swingup,-6.00,-1.0657,3.6945,143.14,-110.38,1.7663,0.3476,-26.2514
2,41.0900,lqr,6.00,4.5976,-2.4898,-138.62,-141.11,-0.8318,-1.3880,50.0000
1,41.1900,swingup,-6.00,-0.7804,2.4741,141.95,162.11,-0.7830,-0.2367,-1.7591
2,41.1900,lqr,6.00,4.4371,0.4635,71.09,62.53,1.9011,-1.1409,50.0000
1,41.2900,swingup,-6.00,-0.5377,2.2093,157.61,67.12,-2.4024,-0.6280,11.8061
2,41.2900,lqr,6.00,4.5868,0.2561,-74.00,-91.04,-1.0088,0.4214,50.0000
1,41.3900,swingup,-6.00,-0.3485,1.4857,121.50,1.89,-2.0377,-2.9203,-6.2800
2,41.3900,lqr,6.00,4.4625,-1.7734,133.98,115.88,0.8899,-0.5733,34.9490
1,41.4900,swingup,-6.00,-0.2263,0.7634,76.46,-28.55,-0.5783,-2.0882,-12.3919
2,41.4900,lqr,6.00,4.6289,2.1606,-18.87,-26.33,1.4701,1.4628,8.7556
1,41.5900,swingup,-6.00,-0.1876,-0.0100,45.43,-26.78,1.8884,1.5628,-7.3402
2,41.5900,lqr,6.00,4.7364,-1.0207,-176.15,-166.57,3.0161,0.8446,50.0000
1,41.6900,swingup,-6.00,-0.2208,-0.6902,26.49,-14.95,-2.4477,2.1557,-4.5891
2,41.6900,lqr,6.00,4.8827,4.0934,30.18,52.74,-2.3489,1.9654,-50.0000
1,41.7900,swingup,-6.00,-0.3046,-0.9210,17.37,-5.15,-1.0038,1.2410,0.9191
2,41.7900,lqr,6.00,5.2402,1.7191,-114.23,-96.81,-2.1899,-2.1686,50.0000
1,41.8900,lqr,-6.00,-0.3752,-0.2705,11.94,-1.79,-1.2081,0.0744,9.3462
2,41.8900,lqr,6.00,5.2483,1.1543,85.48,91.75,1.4138,2.5854,-50.0000
1,41.9900,lqr,-6.00,-0.3678,0.3686,2.59,-3.75,-1.8694,-0.5877,2.0259
2,41.9900,lqr,6.00,5.5205,2.2769,-83.32,-77.59,0.2448,0.9588,-7.2366
1,42.0900,lqr,-6.00,-0.3321,0.2193,-7.52,-7.86,-1.5562,-0.7716,-4.2525
2,42.0900,lqr,6.00,5.4972,1.3578,97.73,104.01,1.8622,-2.2072,2.1199
1,42.1900,lqr,-6.00,-0.3283,-0.2098,-15.07,-12.11,-1.1379,-0.6833,-6.3430
2,42.1900,lqr,6.00,5.8939,2.9891,-77.37,-70.76,-2.7429,1.5693,-50.0000
1,42.2900,lqr,-6.00,-0.3790,-0.9156,-19.77,-15.17,-0.5308,-0.3876,-8.9973
2,42.2900,lqr,6.00,5.8681,-0.0958,105.65,111.55,-1.3450,-2.1200,-33.3817
1,42.3900,lqr,-6.00,-0.5083,-1.7534,-20.62,-16.16,0.1559,0.0023,-8.8547
2,42.3900,lqr,6.00,6.1798,2.0893,-69.34,-69.90,2.7041,0.4460,49.4717
1,42.4900,lqr,-6.00,-0.7168,-2.4380,-18.07,-15.11,0.6286,0.3088,-5.8004
2,42.4900,lqr,6.00,6.1171,-1.3258,115.27,109.67,2.3946,-2.9121,50.0000
1,42.5900,lqr,-6.00,-0.9800,-2.8179,-13.99,-12.80,0.7317,0.4599,-2.9082
2,42.5900,lqr,6.00,6.3382,1.4408,-57.18,-67.29,-0.7646,-2.6719,50.0000
1,42.6900,lqr,-6.00,-1.2708,-2.9953,-10.04,-10.00,0.6452,0.4999,-1.5042
2,42.6900,lqr,6.00,6.2345,-0.5160,132.80,116.41,-0.2200,2.4926,-50.0000
1,42.7900,lqr,-6.00,-1.5748,-3.0836,-6.68,-7.17,0.5392,0.4830,-0.8163
2,42.7900,lqr,6.00,6.3844,2.5541,-34.70,-50.66,-0.5074,1.7688,1.6565
1,42.8900,lqr,-6.00,-1.8853,-3.1248,-3.86,-4.52,0.4575,0.4435,-0.3357
2,42.8900,lqr,6.00,6.3260,-2.2386,150.96,133.02,-0.2329,-2.7635,50.0000
1,42.9900,lqr,-6.00,-2.1983,-3.1299,-1.44,-2.13,0.3967,0.3979,0.0852
2,42.9900,lqr,6.00,6.5164,4.0573,-21.79,-36.32,1.8555,3.1357,-43.9251
1,43.0900,lqr,-6.00,-2.5103,-3.1019,0.68,0.01,0.3479,0.3522,0.4780
2,43.0900,lqr,6.00,6.5353,-3.3174,162.18,148.00,2.2052,-3.0053,50.0000
1,43.1900,lqr,-6.00,-2.8181,-3.0427,2.53,1.89,0.3041,0.3079,0.8424
2,43.1900,lqr,6.00,6.5794,2.7493,-16.87,-33.23,1.8675,-0.9808,50.0000
1,43.2900,lqr,-6.00,-3.1186,-2.9546,4.14,3.51,0.2618,0.2649,1.1697
2,43.2900,lqr,6.00,6.5850,-2.2045,150.77,129.16,-1.0167,-3.0969,50.0000
1,43.3900,lqr,-6.00,-3.4092,-2.8409,5.51,4.90,0.2196,0.2230,1.4507
2,43.3900,lqr,6.00,6.8198,4.0372,-53.40,-65.68,3.0446,2.5777,-0.0469
1,43.4900,lqr,-6.00,-3.6873,-2.7059,6.63,6.05,0.1778,0.1822,1.6790
2,43.4900,lqr,6.00,6.7769,0.3971,85.67,95.80,-1.2216,1.2787,-50.0000
1,43.5900,lqr,-6.00,-3.9512,-2.5541,7.52,6.97,0.1371,0.1429,1.8521
2,43.5900,lqr,6.00,7.0568,-3.4231,-136.52,-127.15,0.1362,1.7768,12.0631
1,43.6900,lqr,-6.00,-4.1993,-2.3901,8.18,7.67,0.0985,0.1059,1.9712
2,43.6900,lqr,6.00,6.7784,3.9388,-6.85,-10.79,1.5234,-0.8990,41.9643
1,43.7900,lqr,-6.00,-4.4307,-2.2186,8.64,8.17,0.0631,0.0717,2.0403
2,43.7900,lqr,6.00,6.6745,-2.6213,112.65,109.55,-2.2622,1.5681,-50.0000
1,43.8900,lqr,-6.00,-4.6446,-2.0435,8.90,8.48,0.0316,0.0409,2.0657
2,43.8900,lqr,6.00,6.8263,-2.5327,-122.18,-120.38,-0.4396,-0.8313,50.0000
1,43.9900,lqr,-6.00,-4.8411,-1.8682,8.99,8.62,0.0041,0.0137,2.0541
2,43.9900,lqr,6.00,6.6311,3.5941,3.39,12.48,-0.8838,-0.6436,-46.9420
1,44.0900,lqr,-6.00,-5.0201,-1.6955,8.94,8.63,-0.0191,-0.0097,2.0124
2,44.0900,lqr,6.00,6.5805,-3.9899,140.30,124.77,0.3861,1.7070,-50.0000
1,44.1900,lqr,-6.00,-5.1821,-1.5277,8.76,8.51,-0.0383,-0.0293,1.9470
2,44.1900,lqr,6.00,6.6934,-0.9372,-111.02,-99.57,0.7255,1.0860,4.0444
1,44.2900,lqr,-6.00,-5.3275,-1.3666,8.49,8.29,-0.0537,-0.0455,1.8635
2,44.2900,lqr,6.00,6.5464,5.2004,3.11,-2.52,0.5713,0.6315,-28.1748
1,44.3900,lqr,-6.00,-5.4572,-1.2133,8.15,7.98,-0.0658,-0.0583,1.7664
2,44.3900,lqr,6.00,6.5716,-1.9749,101.76,105.58,1.3133,-1.1399,-19.8562
1,44.4900,lqr,-6.00,-5.5720,-1.0689,7.74,7.62,-0.0749,-0.0682,1.6597
2,44.4900,lqr,6.00,6.7107,-4.9579,-153.73,-152.27,-1.3152,0.1190,50.0000
1,44.5900,lqr,-6.00,-5.6727,-0.9339,7.29,7.20,-0.0813,-0.0754,1.5468
2,44.5900,lqr,6.00,6.6526,3.5432,-38.62,-44.21,0.9657,0.5091,17.4563
1,44.6900,lqr,-6.00,-5.7604,-0.8088,6.81,6.75,-0.0855,-0.0804,1.4306
2,44.6900,lqr,6.00,6.5127,0.3107,79.09,78.33,-2.9133,-1.5235,-31.8493
1,44.7900,lqr,-6.00,-5.8360,-0.6937,6.31,6.28,-0.0877,-0.0833,1.3132
2,44.7900,lqr,6.00,6.6988,-3.7886,-170.08,-163.16,-2.3746,-1.7129,50.0000
1,44.8900,lqr,-6.00,-5.9006,-0.5885,5.81,5.80,-0.0882,-0.0845,1.1967
2,44.8900,lqr,6.00,6.8456,5.1383,-48.77,-60.42,-0.7256,2.6665,-50.0000
1,44.9900,lqr,-6.00,-5.9550,-0.4932,5.31,5.32,-0.0873,-0.0842,1.0827
2,44.9900,lqr,6.00,6.7530,2.7667,53.50,65.32,-2.0227,-0.7455,-50.0000
1,45.0900,lqr,-6.00,-6.0004,-0.4073,4.81,4.84,-0.0853,-0.0828,0.9726
2,45.0900,lqr,6.00,6.9014,-4.8460,168.60,161.48,2.5056,-0.5116,-16.4176
1,45.1900,lqr,-6.00,-6.0376,-0.3306,4.33,4.37,-0.0823,-0.0803,0.8672
2,45.1900,lqr,6.00,6.9547,0.1939,-83.66,-83.54,0.8085,-1.7106,50.0000
1,45.2900,lqr,-6.00,-6.0676,-0.2626,3.87,3.92,-0.0786,-0.0771,0.7673
2,45.2900,lqr,6.00,6.6844,2.6417,30.28,35.76,-0.2200,-1.6083,-5.2947
1,45.3900,lqr,-6.00,-6.0911,-0.2027,3.43,3.49,-0.0744,-0.0733,0.6736
2,45.3900,lqr,6.00,6.6472,-5.6880,154.82,149.05,1.2087,-2.4276,46.0514
1,45.4900,lqr,-6.00,-6.1089,-0.1504,3.02,3.09,-0.0698,-0.0690,0.5863
2,45.4900,lqr,6.00,6.6791,1.1077,-83.06,-86.91,-2.0384,-2.7276,50.0000
1,45.5900,lqr,-6.00,-6.1219,-0.1052,2.64,2.71,-0.0649,-0.0645,0.5056
2,45.5900,lqr,6.00,6.4684,3.4273,22.94,32.45,0.8285,-2.0194,5.8213
1,45.6900,lqr,-6.00,-6.1306,-0.0665,2.28,2.35,-0.0599,-0.0598,0.4316
2,45.6900,lqr,6.00,6.4635,-4.3008,136.10,125.47,-1.5157,-1.5603,10.6390
1,45.7900,lqr,-6.00,-6.1357,-0.0338,1.95,2.02,-0.0549,-0.0550,0.3643
2,45.7900,lqr,6.00,6.5945,-3.0938,-124.50,-115.01,-1.5313,-2.8761,50.0000
1,45.8900,lqr,-6.00,-6.1378,-0.0063,1.65,1.72,-0.0500,-0.0502,0.3034
2,45.8900,lqr,6.00,6.3809,4.6997,-14.29,-18.44,0.1407,0.8020,-29.2358
1,45.9900,lqr,-6.00,-6.1374,0.0162,1.38,1.45,-0.0451,-0.0455,0.2487
2,45.9900,lqr,6.00,6.2335,-1.2623,93.54,91.07,0.7721,-2.5076,48.4801
1,46.0900,lqr,-6.00,-6.1349,0.0345,1.14,1.20,-0.0405,-0.0409,0.2000
2,46.0900,lqr,6.00,6.4184,-3.4896,-152.50,-143.15,-0.6804,-1.0853,50.0000
1,46.1900,lqr,-6.00,-6.1308,0.0490,0.92,0.98,-0.0360,-0.0366,0.1570
2,46.1900,lqr,6.00,6.3578,5.1167,-30.19,-38.45,-1.0019,-1.9066,50.0000
1,46.2900,lqr,-6.00,-6.1254,0.0601,0.73,0.79,-0.0318,-0.0324,0.1192
2,46.2900,lqr,6.00,6.3209,1.1051,71.74,77.13,1.7563,2.3370,-50.0000
1,46.3900,lqr,-6.00,-6.1190,0.0683,0.56,0.61,-0.0278,-0.0285,0.0864
2,46.3900,lqr,6.00,6.4858,-4.9404,178.64,175.62,-2.2188,1.0055,-50.0000
1,46.4900,lqr,-6.00,-6.1119,0.0739,0.41,0.46,-0.0242,-0.0249,0.0581
2,46.4900,lqr,6.00,6.5032,0.9901,-80.09,-80.27,-2.9561,-1.1818,50.0000
1,46.5900,lqr,-6.00,-6.1043,0.0774,0.28,0.33,-0.0208,-0.0215,0.0340
2,46.5900,lqr,6.00,6.2759,3.9499,20.82,25.22,-0.7872,-1.8230,0.3798
1,46.6900,lqr,-6.00,-6.0965,0.0791,0.17,0.22,-0.0177,-0.0184,0.0137
2,46.6900,lqr,6.00,6.2845,-3.0998,127.01,119.10,1.4091,2.7472,-50.0000
1,46.7900,lqr,-6.00,-6.0886,0.0792,0.08,0.12,-0.0149,-0.0155,-0.0032
2,46.7900,lqr,6.00,6.4963,-2.0032,-130.74,-122.97,2.1307,1.0077,50.0000
1,46.8900,lqr,-6.00,-6.0807,0.0781,0.01,0.04,-0.0123,-0.0130,-0.0170
2,46.8900,lqr,6.00,6.4740,5.6001,-19.81,-28.48,-0.5704,1.5039,-45.6456
1,46.9900,lqr,-6.00,-6.0730,0.0760,-0.06,-0.03,-0.0100,-0.0107,-0.0280
2,46.9900,lqr,6.00,6.4600,1.0730,82.33,87.30,1.1135,-1.4585,-19.5063
1,47.0900,lqr,-6.00,-6.0655,0.0730,-0.11,-0.08,-0.0080,-0.0086,-0.0367
2,47.0900,lqr,6.00,6.7650,-3.2248,-169.23,-168.81,-2.1697,2.2293,27.8554
1,47.1900,lqr,-6.00,-6.0583,0.0695,-0.15,-0.12,-0.0062,-0.0068,-0.0432
2,47.1900,lqr,6.00,6.9369,5.4176,-66.66,-68.21,2.6698,2.4273,-39.3754
1,47.2900,lqr,-6.00,-6.0516,0.0655,-0.18,-0.16,-0.0047,-0.0052,-0.0479
2,47.2900,lqr,6.00,6.9517,5.6297,30.93,36.18,-2.5317,-0.1211,-50.0000
1,47.3900,lqr,-6.00,-6.0452,0.0612,-0.20,-0.18,-0.0033,-0.0038,-0.0510
2,47.3900,lqr,6.00,7.1483,-2.9665,136.17,128.05,1.5719,-0.7134,-5.3852
1,47.4900,lqr,-6.00,-6.0393,0.0567,-0.22,-0.20,-0.0021,-0.0026,-0.0527
2,47.4900,lqr,6.00,7.3639,-2.7374,-123.65,-115.88,1.4350,-2.8187,50.0000
1,47.5900,lqr,-6.00,-6.0338,0.0522,-0.23,-0.21,-0.0012,-0.0016,-0.0534
2,47.5900,lqr,6.00,7.1587,3.9640,-15.02,-23.00,1.2166,-2.5277,50.0000
1,47.6900,lqr,-6.00,-6.0288,0.0477,-0.23,-0.22,-0.0003,-0.0007,-0.0530
2,47.6900,lqr,6.00,7.0166,-0.5102,71.83,80.84,-2.9095,2.4099,-50.0000
1,47.7900,lqr,-6.00,-6.0242,0.0432,-0.23,-0.22,0.0004,0.0000,-0.0519
2,47.7900,lqr,6.00,6.9942,-7.0827,162.51,153.04,-1.6002,-0.4649,-36.1416
1,47.8900,lqr,-6.00,-6.0201,0.0388,-0.23,-0.22,0.0009,0.0006,-0.0503
2,47.8900,lqr,6.00,6.8907,-4.6806,-116.25,-112.06,-2.6935,0.0074,50.0000
1,47.9900,lqr,-6.00,-6.0164,0.0347,-0.22,-0.21,0.0014,0.0011,-0.0481
2,47.9900,lqr,6.00,6.4539,2.0429,-23.72,-24.74,-0.8372,-1.7228,50.0000
1,48.0900,lqr,-6.00,-6.0131,0.0307,-0.21,-0.21,0.0017,0.0015,-0.0455
2,48.0900,lqr,6.00,6.0949,-1.3327,68.12,69.89,-0.1685,0.4161,-50.0000
1,48.1900,lqr,-6.00,-6.0102,0.0270,-0.20,-0.20,0.0020,0.0018,-0.0428
2,48.1900,lqr,6.00,5.9745,-7.3403,160.16,152.62,-2.2592,0.9602,-50.0000
1,48.2900,lqr,-6.00,-6.0077,0.0235,-0.19,-0.19,0.0021,0.0020,-0.0398
2,48.2900,lqr,6.00,5.8534,-3.9614,-118.42,-107.51,-3.0713,1.4160,-20.7780
1,48.3900,lqr,-6.00,-6.0055,0.0203,-0.18,-0.17,0.0022,0.0021,-0.0368
2,48.3900,lqr,6.00,5.5199,3.1470,-28.74,-39.33,-2.9253,2.6685,-50.0000
1,48.4900,lqr,-6.00,-6.0036,0.0173,-0.16,-0.16,0.0023,0.0022,-0.0337
2,48.4900,lqr,6.00,5.1138,0.9586,53.77,59.65,-2.7104,-0.5298,-50.0000
1,48.5900,lqr,-6.00,-6.0020,0.0146,-0.15,-0.15,0.0023,0.0022,-0.0307
2,48.5900,lqr,6.00,5.1423,-4.6516,143.89,140.78,-2.8462,-0.5962,-50.0000
1,48.6900,lqr,-6.00,-6.0006,0.0122,-0.14,-0.14,0.0023,0.0022,-0.0277
2,48.6900,lqr,6.00,5.2529,-2.3881,-126.57,-122.20,0.1240,-2.4861,50.0000
1,48.7900,lqr,-6.00,-5.9995,0.0100,-0.12,-0.12,0.0022,0.0022,-0.0248
2,48.7900,lqr,6.00,5.1796,4.7781,-30.27,-39.24,3.0022,0.0423,50.0000
1,48.8900,lqr,-6.00,-5.9986,0.0081,-0.11,-0.11,0.0021,0.0021,-0.0221
2,48.8900,lqr,6.00,4.9864,0.7706,52.12,62.61,-2.1391,-0.8091,-50.0000
1,48.9900,lqr,-6.00,-5.9979,0.0063,-0.10,-0.10,0.0020,0.0020,-0.0195
2,48.9900,lqr,6.00,4.8682,-7.4518,141.46,131.85,1.2782,-1.8235,50.0000
1,49.0900,lqr,-6.00,-5.9973,0.0048,-0.09,-0.09,0.0019,0.0019,-0.0171
2,49.0900,lqr,6.00,4.8116,-5.3699,-142.96,-137.65,1.3333,0.7345,50.0000
1,49.1900,lqr,-6.00,-5.9969,0.0035,-0.08,-0.08,0.0018,0.0018,-0.0148
2,49.1900,lqr,6.00,4.6294,1.3708,-60.42,-66.47,-3.0033,1.5627,-26.1056
1,49.2900,lqr,-6.00,-5.9966,0.0024,-0.07,-0.07,0.0017,0.0017,-0.0127
2,49.2900,lqr,6.00,4.2797,2.9303,22.75,31.46,1.6253,-2.4079,40.8030
1,49.3900,lqr,-6.00,-5.9964,0.0014,-0.06,-0.06,0.0015,0.0015,-0.0108
2,49.3900,lqr,6.00,4.2174,-3.3826,109.27,103.71,-2.4396,1.1450,-50.0000
1,49.4900,lqr,-6.00,-5.9963,0.0006,-0.05,-0.05,0.0014,0.0014,-0.0091
2,49.4900,lqr,6.00,4.2699,-6.3807,-176.85,-179.44,-1.0976,0.0547,50.0000
1,49.5900,lqr,-6.00,-5.9963,-0.0001,-0.04,-0.04,0.0013,0.0013,-0.0075
2,49.5900,lqr,6.00,4.3454,-0.0258,-106.02,-101.57,-1.0766,-0.2794,50.0000
1,49.6900,lqr,-6.00,-5.9963,-0.0007,-0.03,-0.04,0.0012,0.0012,-0.0061
2,49.6900,lqr,6.00,4.3070,5.8810,-30.02,-34.09,-2.6823,0.7441,-47.3313
